Fresh,Milk,Grocery,Frozen,Detergents_Paper,Delicassen,Channel_2,Channel_Channel,Region_2,Region_3,Region_Region,labels
0.226907548121588,0.0978421879987029,0.0408795226005923,0.0420768490216875,-0.0397176861638184,0.1810643786672413,-0.6891417763855754,20.97617696340304,-0.3453828891267239,-1.5899685531481431,20.97617696340304,2
0.5021559402017919,1.049562463008194,0.4724618611094329,-1.5467512636248069,0.6690686423506251,0.4423096534738251,1.4510802192907537,-0.0476731294622796,-0.3453828891267239,0.6289432567832843,-0.0476731294622796,0
0.0981218479298756,1.0649427485396643,0.6915867322042981,0.1585484241776238,0.7935240907535549,0.6691010407519071,1.4510802192907537,-0.0476731294622796,-0.3453828891267239,0.6289432567832843,-0.0476731294622796,0
0.025558933235502,0.9602145230024608,0.4874814572632043,0.4105574246797273,0.8326901567003294,1.4099490715612284,1.4510802192907537,-0.0476731294622796,-0.3453828891267239,0.6289432567832843,-0.0476731294622796,0
0.5338995265897802,-0.9801209105973556,-0.0700854409248855,1.2040817500049763,-0.3241816591360227,0.6744944865681851,-0.6891417763855754,-0.0476731294622796,-0.3453828891267239,0.6289432567832843,-0.0476731294622796,1
0.902285118557249,0.4864549201899401,0.4266680763619004,0.8053327223506158,0.4248490474824524,1.4099490715612284,1.4510802192907537,-0.0476731294622796,-0.3453828891267239,0.6289432567832843,-0.0476731294622796,0
0.2970303609376306,0.8976583679017163,0.110704229932332,-0.6291964211445628,0.4308716241795656,0.5072359828522989,1.4510802192907537,-0.0476731294622796,-0.3453828891267239,0.6289432567832843,-0.0476731294622796,0
0.4719072631166315,-0.0241904469094379,0.397376297240005,-0.8941516315301024,0.7650869814726989,-0.2765696239469761,1.4510802192907537,-0.0476731294622796,-0.3453828891267239,0.6289432567832843,-0.0476731294622796,0
0.1473948726422096,0.4012637411156644,0.6776691948370969,0.1146273756363565,0.7985849684049673,0.9638551766836632,1.4510802192907537,-0.0476731294622796,-0.3453828891267239,0.6289432567832843,-0.0476731294622796,0
-0.0181837935515552,0.103452978865678,0.286548257865698,-0.9925631326164072,0.4039759226617138,-0.0211025467547389,-0.6891417763855754,-0.0476731294622796,-0.3453828891267239,0.6289432567832843,-0.0476731294622796,1
-0.0132227143599311,1.184418180147253,1.324294055383768,-0.1807042601310473,1.2795502860744108,0.802557308023997,1.4510802192907537,-0.0476731294622796,-0.3453828891267239,0.6289432567832843,-0.0476731294622796,0
-0.4129946548752857,0.4851964946236345,0.9750385999807124,0.8999619569701467,1.1498643582341983,0.6545384933807263,1.4510802192907537,-0.0476731294622796,-0.3453828891267239,0.6289432567832843,-0.0476731294622796,0
0.527676976009846,-1.040427599381378,-0.0057725119371933,-0.0162304516490262,-0.2766861417171989,-0.3503110970727016,1.4510802192907537,-0.0476731294622796,-0.3453828891267239,0.6289432567832843,-0.0476731294622796,1
1.135788254528312,1.286316774978871,0.8833547643095325,-1.3098379541118663,0.8917283707974132,1.070395236089732,1.4510802192907537,-0.0476731294622796,-0.3453828891267239,0.6289432567832843,-0.0476731294622796,0
0.8582215516549206,0.6201873885326874,1.1089859606675612,0.6149091128066615,1.2187516180917106,-0.196994697536934,1.4510802192907537,-0.0476731294622796,-0.3453828891267239,0.6289432567832843,-0.0476731294622796,0
0.9618683636987948,1.0301425294144102,0.909429180885451,-1.2903750501853417,1.0500640505996064,0.8288465067061657,1.4510802192907537,-0.0476731294622796,-0.3453828891267239,0.6289432567832843,-0.0476731294622796,0
0.3560531355508244,-1.0491074214568634,-0.1627416228183338,-1.0476636076126584,0.0594607844483778,-0.5002900695003814,-0.6891417763855754,-0.0476731294622796,-0.3453828891267239,0.6289432567832843,-0.0476731294622796,1
-1.2370074008072809,0.961096977268633,0.9117358381091132,-1.9239058299338248,0.9812493428173088,0.2707865304982862,1.4510802192907537,-0.0476731294622796,-0.3453828891267239,0.6289432567832843,-0.0476731294622796,0
-0.0283316649187793,0.6121694221091514,-0.4088754749747999,-0.4422965944126135,-0.5120902385883802,1.4099490715612284,-0.6891417763855754,-0.0476731294622796,-0.3453828891267239,0.6289432567832843,-0.0476731294622796,1
0.7673561155499397,0.6386427406118251,0.7418610175274547,0.3402225955414298,0.6895023696085443,1.1359677095778962,1.4510802192907537,-0.0476731294622796,-0.3453828891267239,0.6289432567832843,-0.0476731294622796,0
0.1654681795524029,-0.2657280861180808,0.6814140443340663,-0.6255593829767833,0.6331422172707515,-0.3439000778196641,-0.6891417763855754,-0.0476731294622796,-0.3453828891267239,0.6289432567832843,-0.0476731294622796,1
0.727036555204488,0.3115467691408581,0.0103427737834394,-0.2484329480819962,0.5682714280584337,0.8124228215622857,1.4510802192907537,-0.0476731294622796,-0.3453828891267239,0.6289432567832843,-0.0476731294622796,0
-0.0656295757207106,-1.2880775592445948,-0.7605046154242701,0.6869967788078581,-0.504086063153591,-0.2420966473062567,-0.6891417763855754,-0.0476731294622796,-0.3453828891267239,0.6289432567832843,-0.0476731294622796,1
1.1261847006061134,-0.5217943737410667,-0.0169507722276914,1.5157716468620406,0.5997065702122566,1.3837616424695471,-0.6891417763855754,-0.0476731294622796,-0.3453828891267239,0.6289432567832843,-0.0476731294622796,1
1.0084399171002978,1.5869604422371972,1.4674109083903857,1.028123047705878,0.9581332257258768,1.4099490715612284,1.4510802192907537,-0.0476731294622796,-0.3453828891267239,0.6289432567832843,-0.0476731294622796,0
0.9032615311851372,1.061567970504373,1.0319501934568651,0.5663645454696181,0.9777917092120256,1.4099490715612284,1.4510802192907537,-0.0476731294622796,-0.3453828891267239,0.6289432567832843,-0.0476731294622796,0
0.6704288385415043,0.2473143800782012,0.476637912799638,-1.597299421545304,0.910229507805965,-2.0733892010154635,1.4510802192907537,-0.0476731294622796,-0.3453828891267239,0.6289432567832843,-0.0476731294622796,0
0.3317215818873009,-1.1925897089768096,-0.4320043539421979,0.6294374502434728,-0.7650872739566293,0.0629035961225344,-0.6891417763855754,-0.0476731294622796,-0.3453828891267239,0.6289432567832843,-0.0476731294622796,1
0.58461860376122,-1.367005237801291,-0.3740019578475799,-0.8857704608895219,-1.2900107663351257,-0.3172113365570527,-0.6891417763855754,-0.0476731294622796,-0.3453828891267239,0.6289432567832843,-0.0476731294622796,1
-0.2746230803166121,1.5869604422371972,1.5475242181803854,-0.1814032269516347,1.3676549211410578,1.4099490715612284,1.4510802192907537,-0.0476731294622796,-0.3453828891267239,0.6289432567832843,-0.0476731294622796,0
1.2388189557611358,-0.4332034044873962,-0.517804866312482,-0.1525535851123854,0.1420812693041112,0.0532367342397212,-0.6891417763855754,-0.0476731294622796,-0.3453828891267239,0.6289432567832843,-0.0476731294622796,1
0.7752551535808129,0.0932762806020219,0.8304166703022476,-0.1884262516463468,0.5342518449384268,1.0790940800664697,-0.6891417763855754,-0.0476731294622796,-0.3453828891267239,0.6289432567832843,-0.0476731294622796,1
-0.5880695600445149,0.2720415477222228,-0.3474893971658311,0.296056659801297,-0.0371633210767442,0.1970718518311315,-0.6891417763855754,-0.0476731294622796,-0.3453828891267239,0.6289432567832843,-0.0476731294622796,1
0.8715978818522173,-0.8857700479706934,-0.4239082036689771,-1.3711987498134204,0.0302580198787603,-0.5139890891115227,-0.6891417763855754,-0.0476731294622796,-0.3453828891267239,0.6289432567832843,-0.0476731294622796,1
1.091154709799024,0.3673393804193504,0.4430740985209905,1.16864792511423,-0.5267734506457364,0.2730074274373391,-0.6891417763855754,-0.0476731294622796,-0.3453828891267239,0.6289432567832843,-0.0476731294622796,1
-0.9699782816538718,-0.4908670430215727,-0.6506044948765796,-0.9925631326164072,-0.353118094927368,-0.5339744922722757,-0.6891417763855754,-0.0476731294622796,-0.3453828891267239,0.6289432567832843,-0.0476731294622796,1
-1.508605299094306,0.5008994348123292,0.8290748473807786,-0.4481063108915196,0.9444710571365256,-0.4550240255710912,1.4510802192907537,-0.0476731294622796,-0.3453828891267239,0.6289432567832843,-0.0476731294622796,0
1.0963843800634805,0.2771798046866702,0.1639830030431032,0.143234532951269,-0.0073329959608407,1.4099490715612284,-0.6891417763855754,-0.0476731294622796,-0.3453828891267239,0.6289432567832843,-0.0476731294622796,1
0.6264697839887673,1.136185503905106,0.9386805369605424,0.2281086911090344,1.2005620203766003,-0.0604684865532512,1.4510802192907537,-0.0476731294622796,-0.3453828891267239,0.6289432567832843,-0.0476731294622796,0
-0.1987159682733969,1.5238535007604446,1.210537735508049,-3.0414496147620365,1.240543688577944,-0.4605444134122125,1.4510802192907537,-0.0476731294622796,-0.3453828891267239,0.6289432567832843,-0.0476731294622796,0
1.2388189557611358,-1.7255582264943778,-1.5058350970721577,1.559286734245588,-0.8438725171484749,1.0662849186536854,-0.6891417763855754,-0.0476731294622796,-0.3453828891267239,0.6289432567832843,-0.0476731294622796,1
0.9440499336967756,0.2704723244368198,0.0411730397055276,1.5245102200827825,0.1622431734628545,1.4099490715612284,-0.6891417763855754,-0.0476731294622796,-0.3453828891267239,0.6289432567832843,-0.0476731294622796,1
0.7883787525742373,-0.0657754350629012,0.2503807591451769,0.2744328406784582,0.6465207811729641,1.0343378431853592,-0.6891417763855754,-0.0476731294622796,-0.3453828891267239,0.6289432567832843,-0.0476731294622796,1
0.3951319263529301,0.811058141162016,1.1076803214952733,-1.6512112401426384,1.2356247794588904,-2.2419142915657693,1.4510802192907537,-0.0476731294622796,-0.3453828891267239,0.6289432567832843,-0.0476731294622796,0
-1.569330653280946,1.1845934182935982,1.5475242181803854,-0.494087557143691,1.4287015850531484,-1.889060213474804,1.4510802192907537,-0.0476731294622796,-0.3453828891267239,0.6289432567832843,-0.0476731294622796,0
0.3156299555641892,0.7406369966838611,0.7755309224776655,-0.7973846935216745,0.9956604977968352,-1.969842390990837,1.4510802192907537,-0.0476731294622796,-0.3453828891267239,0.6289432567832843,-0.0476731294622796,0
-0.1152433034038968,1.5869604422371972,1.4465488086244074,0.1483713820472082,1.273724933600514,1.4099490715612284,1.4510802192907537,-0.0476731294622796,-0.3453828891267239,0.6289432567832843,-0.0476731294622796,0
-0.4691588986470348,1.415436449197783,1.464701386402968,0.1141419296929798,1.226280308474087,0.5077877027588406,1.4510802192907537,-0.0476731294622796,-0.3453828891267239,0.6289432567832843,-0.0476731294622796,0
1.2388189557611358,1.5869604422371972,1.5475242181803854,1.362008799238676,1.5682368054869953,1.4099490715612284,1.4510802192907537,-0.0476731294622796,-0.3453828891267239,0.6289432567832843,-0.0476731294622796,0
0.4364468067389239,0.6113797757216369,0.8101690150660269,-0.7355100517692694,1.0574637889867569,0.5209162934358652,1.4510802192907537,-0.0476731294622796,-0.3453828891267239,0.6289432567832843,-0.0476731294622796,0
-0.1443671249915923,1.5869604422371972,1.5475242181803854,0.1749309422466465,1.5682368054869953,0.3300687576171431,1.4510802192907537,-0.0476731294622796,-0.3453828891267239,0.6289432567832843,-0.0476731294622796,0
0.0163687329380334,-1.0658156922408022,-0.7744962038319023,0.7938692783583232,-0.2147788616800482,0.8266266351132714,-0.6891417763855754,-0.0476731294622796,-0.3453828891267239,0.6289432567832843,-0.0476731294622796,1
-0.4169025689838891,0.2052911968697656,0.4001743640861546,-1.457600820490612,0.3385379967837376,-0.7511363487256941,-0.6891417763855754,-0.0476731294622796,-0.3453828891267239,0.6289432567832843,-0.0476731294622796,1
1.2388189557611358,0.1723509045994564,0.2377946016795827,-0.8109553692979548,0.6492995761466888,0.4055710675459714,1.4510802192907537,-0.0476731294622796,-0.3453828891267239,0.6289432567832843,-0.0476731294622796,0
-1.741162647213233,1.1285123063498246,0.8653687052091468,-0.5395651552897813,1.11208950495785,-0.9870017903319914,1.4510802192907537,-0.0476731294622796,-0.3453828891267239,0.6289432567832843,-0.0476731294622796,0
1.0330284946333947,-0.7937190245009013,-0.790133809116502,0.4209329582194788,-0.8667615504127872,0.439311621048592,-0.6891417763855754,-0.0476731294622796,-0.3453828891267239,0.6289432567832843,-0.0476731294622796,1
-0.1042701385824684,0.1127329283742578,0.0884713309774847,-0.2552979941220595,0.5026246034504597,0.30702114437444,-0.6891417763855754,-0.0476731294622796,-0.3453828891267239,0.6289432567832843,-0.0476731294622796,1
-0.2771455513400704,1.5869604422371972,1.5475242181803854,0.478686454185271,1.5682368054869953,0.4435057329982502,1.4510802192907537,-0.0476731294622796,-0.3453828891267239,0.6289432567832843,-0.0476731294622796,0
-0.0844884133442569,1.077054572422553,0.7769521280828627,-2.930254694415221,1.29127034096634,0.4080734056685033,1.4510802192907537,-0.0476731294622796,-0.3453828891267239,0.6289432567832843,-0.0476731294622796,0
0.5601506948795748,-0.4952959054162985,-0.945251798963018,-0.7190536086406828,-0.8031831489725693,-0.4550240255710912,-0.6891417763855754,-0.0476731294622796,-0.3453828891267239,0.6289432567832843,-0.0476731294622796,1
0.001675248489314,0.4774302210081531,0.5296349973488439,-1.9544925534068032,0.7543309681056952,0.5870195644352542,-0.6891417763855754,-0.0476731294622796,-0.3453828891267239,0.6289432567832843,-0.0476731294622796,0
0.2338552931534497,-0.0721375887539351,0.5078492213104824,-2.191811915524426,0.9238120854187,-0.9834480233879028,1.4510802192907537,-0.0476731294622796,-0.3453828891267239,0.6289432567832843,-0.0476731294622796,0
1.2222090718362182,1.5869604422371972,1.5475242181803854,0.6554976176190779,1.5682368054869953,0.7710199744747717,1.4510802192907537,-0.0476731294622796,-0.3453828891267239,0.6289432567832843,-0.0476731294622796,0
0.1692739452615121,0.6259632294858178,0.3380094834739838,0.8533452782590393,0.9207387797931232,0.1798196880738641,1.4510802192907537,-0.0476731294622796,-0.3453828891267239,0.6289432567832843,-0.0476731294622796,0
0.2957821918484323,1.2279435917660868,1.1569952575785456,0.5610665436038377,1.2995033492147587,0.416152458758948,1.4510802192907537,-0.0476731294622796,-0.3453828891267239,0.6289432567832843,-0.0476731294622796,0
-0.1737574207157318,-0.9552650064341957,-0.3133699725435455,0.7648069846906121,0.2132231624029772,0.3175795729015851,-0.6891417763855754,-0.0476731294622796,-0.3453828891267239,0.6289432567832843,-0.0476731294622796,1
-2.9456034985369146,1.5869604422371972,1.5475242181803854,-2.972919912360216,1.5682368054869953,0.4916315623420826,1.4510802192907537,-0.0476731294622796,-0.3453828891267239,0.6289432567832843,-0.0476731294622796,0
-4.431541008673109,-0.7383396594054261,0.4545643690087333,-1.7089664956941346,0.8244737826763281,-2.6569799693368794,-0.6891417763855754,-0.0476731294622796,-0.3453828891267239,0.6289432567832843,-0.0476731294622796,0
0.81442099871177,0.7028411414367702,1.009407740881993,-0.1156185438602236,1.0597938892687142,0.0638638995718985,1.4510802192907537,-0.0476731294622796,-0.3453828891267239,0.6289432567832843,-0.0476731294622796,0
-0.6333958022021071,0.7723435137149443,-0.1217644360526615,1.1335286973144878,-0.0609340232859695,1.1140109078027771,-0.6891417763855754,-0.0476731294622796,-0.3453828891267239,0.6289432567832843,-0.0476731294622796,1
0.2144542158805225,-0.1467370054425816,-1.1709281270942635,-0.502357547047663,-0.1703994766523792,-1.3390984268423725,-0.6891417763855754,-0.0476731294622796,-0.3453828891267239,0.6289432567832843,-0.0476731294622796,1
0.6931192812297408,-0.462799513728346,-0.3272167402582119,1.559286734245588,-1.202087090162841,0.4583080218251,-0.6891417763855754,-0.0476731294622796,-0.3453828891267239,0.6289432567832843,-0.0476731294622796,1
0.7557509206571809,-0.924871179367209,1.4251641942141198,1.0618422205446385,0.935090879867444,1.4099490715612284,-0.6891417763855754,-0.0476731294622796,-0.3453828891267239,0.6289432567832843,-0.0476731294622796,1
-0.224922836430831,0.4365058792831293,-0.4994407451544573,1.4682356233182003,0.2476644494086542,-1.1569679952282996,-0.6891417763855754,-0.0476731294622796,-0.3453828891267239,0.6289432567832843,-0.0476731294622796,1
0.8139353429915288,0.4723395527082564,0.604457543295864,1.397658953731334,-0.0794035373933935,-0.1380813349984241,1.4510802192907537,-0.0476731294622796,-0.3453828891267239,0.6289432567832843,-0.0476731294622796,0
0.2009296092796176,0.6410976247805615,0.7133168063670643,-0.0971331908980173,0.4651577689718966,0.6709028922869579,1.4510802192907537,-0.0476731294622796,-0.3453828891267239,0.6289432567832843,-0.0476731294622796,0
0.8310380454649922,-1.0292584646011054,-6.550723846284861,0.9012499953494804,-3.220535532622655,0.1889028398840929,-0.6891417763855754,-0.0476731294622796,-0.3453828891267239,0.6289432567832843,-0.0476731294622796,1
-1.4801343674849323,0.0870645430821328,0.3363011676730852,1.335333556197151,-0.2988332282758811,0.1194727787193538,-0.6891417763855754,-0.0476731294622796,-0.3453828891267239,0.6289432567832843,-0.0476731294622796,1
0.4763913005346621,1.315695180321962,1.5475242181803854,-0.4138567648526538,1.5682368054869953,0.2163442788336,1.4510802192907537,-0.0476731294622796,-0.3453828891267239,0.6289432567832843,-0.0476731294622796,0
0.3897652892831127,-0.9973272644531456,-0.7344863976536382,0.2991544255535907,-0.6351237504426755,-1.2211120706183185,-0.6891417763855754,-0.0476731294622796,-0.3453828891267239,0.6289432567832843,-0.0476731294622796,1
-0.9093169480219356,-0.0061317180632931,-0.2040770186997883,-0.414788854637091,0.1912658734029426,0.6116185839589214,-0.6891417763855754,-0.0476731294622796,-0.3453828891267239,0.6289432567832843,-0.0476731294622796,1
0.0930152374534641,-1.3360656938109343,-0.3850694665698219,-0.9831061760923064,-0.2137994954076314,-0.3004040389734208,-0.6891417763855754,-0.0476731294622796,-0.3453828891267239,0.6289432567832843,-0.0476731294622796,1
-2.2969668815177164,1.0378144817981498,1.0722993458698535,-1.321173131588383,1.3103837319998228,-1.2753795958945946,1.4510802192907537,-0.0476731294622796,-0.3453828891267239,0.6289432567832843,-0.0476731294622796,0
0.363355127341513,1.005914618176088,0.8221674825755321,-0.5472161411033704,0.8362496179536898,0.8906852079017049,1.4510802192907537,-0.0476731294622796,-0.3453828891267239,0.6289432567832843,-0.0476731294622796,0
0.8469669502049586,-0.7201449528732085,-0.8720010446066846,0.3814075010461715,-0.2756000324709869,0.0020358177063028,-0.6891417763855754,-0.0476731294622796,-0.3453828891267239,0.6289432567832843,-0.0476731294622796,1
0.456998825103324,0.0139373267205116,0.0522586613563116,-0.1675371577000693,0.8849128226642353,-1.4841014433034994,1.4510802192907537,-0.0476731294622796,-0.3453828891267239,0.6289432567832843,-0.0476731294622796,0
0.6683753585022122,1.5869604422371972,1.5475242181803854,-0.2793995412494077,1.5682368054869953,1.0739405373370865,1.4510802192907537,-0.0476731294622796,-0.3453828891267239,0.6289432567832843,-0.0476731294622796,0
0.9116865193911062,1.5869604422371972,1.5475242181803854,-0.3107757942326931,1.5682368054869953,0.127491031486572,1.4510802192907537,-0.0476731294622796,-0.3453828891267239,0.6289432567832843,-0.0476731294622796,0
1.2388189557611358,0.4147022440818697,0.5385067138298361,1.1923561826826004,0.3542580571445924,1.4099490715612284,-0.6891417763855754,-0.0476731294622796,-0.3453828891267239,0.6289432567832843,-0.0476731294622796,1
0.1728832690948691,-1.748557910705537,-0.1104133970532888,1.5434596670058922,-0.9929323462045556,-2.2419142915657693,-0.6891417763855754,-0.0476731294622796,-0.3453828891267239,0.6289432567832843,-0.0476731294622796,1
0.9688634192402464,0.1522906908343712,0.1470258110914821,0.7012405896962356,-0.3900610177189752,1.1352118159837927,-0.6891417763855754,-0.0476731294622796,-0.3453828891267239,0.6289432567832843,-0.0476731294622796,1
0.4295790261854351,-1.6563920677944244,-0.9509141612550646,0.6783287605853824,-1.5092171090732054,-0.6081305591549983,-0.6891417763855754,-0.0476731294622796,-0.3453828891267239,0.6289432567832843,-0.0476731294622796,1
0.5067733226638661,-0.1669324844643338,-0.5464164434513654,1.4517187535985692,-0.1973911201042488,0.2977566119114729,-0.6891417763855754,-0.0476731294622796,-0.3453828891267239,0.6289432567832843,-0.0476731294622796,1
0.2810760641692578,1.5869604422371972,1.5475242181803854,0.6500013131005477,1.5682368054869953,1.4099490715612284,1.4510802192907537,-0.0476731294622796,-0.3453828891267239,0.6289432567832843,-0.0476731294622796,0
0.4240474036183614,-0.0578808520127536,-0.7367398228416455,1.559286734245588,-1.4923736579088005,1.0040387759824432,-0.6891417763855754,-0.0476731294622796,-0.3453828891267239,0.6289432567832843,-0.0476731294622796,1
-0.0583506346809231,1.2784734311966914,0.8483444827803985,-1.577482982532152,1.047695645935577,-0.9187586106970848,1.4510802192907537,-0.0476731294622796,-0.3453828891267239,0.6289432567832843,-0.0476731294622796,0
-5.064301806599335,-0.1128731282189116,0.2955236398559897,-0.9645170130366154,-0.8137657787876378,-0.066092180737949,-0.6891417763855754,-0.0476731294622796,-0.3453828891267239,0.6289432567832843,-0.0476731294622796,1
-3.826970562266365,-0.219708084735758,0.5386213765744026,-1.8604216325968488,0.8906492623881087,-1.0123294601860986,1.4510802192907537,-0.0476731294622796,-0.3453828891267239,0.6289432567832843,-0.0476731294622796,0
-1.8772485720990324,-2.483340995530294,-1.8694643575103889,-0.5075694748376661,-1.6534086204523082,-1.9945019714918693,-0.6891417763855754,-0.0476731294622796,-0.3453828891267239,0.6289432567832843,-0.0476731294622796,1
-1.7245216560574597,-3.274536947005527,-1.643338187086051,-0.3899912222842367,-1.6320526725808404,-1.408324735731206,-0.6891417763855754,-0.0476731294622796,-0.3453828891267239,0.6289432567832843,-0.0476731294622796,1
0.3147725511506495,-0.3959836595005873,-0.8084722977888222,1.1009964161226944,-0.8355101014539411,-0.6947865961155275,-0.6891417763855754,-0.0476731294622796,-0.3453828891267239,0.6289432567832843,-0.0476731294622796,1
0.4409281184807245,0.8394584302913363,0.9135004126090176,0.6549994910033745,1.3267511931097304,1.0967426501149236,1.4510802192907537,-0.0476731294622796,-0.3453828891267239,0.6289432567832843,-0.0476731294622796,0
-1.0087206923494678,1.1592979682400604,1.1855830508754803,0.076878916516117,1.2239874623948823,0.6965844500384911,1.4510802192907537,-0.0476731294622796,-0.3453828891267239,0.6289432567832843,-0.0476731294622796,0
-0.5082904792415293,0.6587125239729879,0.4866331559047369,0.4614721137181644,0.9898069464415972,0.4705340750053446,1.4510802192907537,-0.0476731294622796,-0.3453828891267239,0.6289432567832843,-0.0476731294622796,0
1.2388189557611358,0.0643123160722189,0.6248501267536093,1.559286734245588,0.3155693629025333,0.942340511820504,-0.6891417763855754,-0.0476731294622796,-0.3453828891267239,0.6289432567832843,-0.0476731294622796,1
0.5760527093087117,-0.4185086156396927,-0.2591442663762527,-0.0656133581420234,0.3199938248899747,-0.2721785273022113,-0.6891417763855754,-0.0476731294622796,-0.3453828891267239,0.6289432567832843,-0.0476731294622796,1
0.6452860387883774,-1.1404547268534584,-0.1271405861577952,-0.3765357060518021,-1.0947823472690703,0.4658984980442166,-0.6891417763855754,-0.0476731294622796,-0.3453828891267239,0.6289432567832843,-0.0476731294622796,1
-0.9923921831339282,0.6401777695336738,0.7960159774064477,-1.9299315229571772,1.229615653746033,0.6935282698548307,1.4510802192907537,-0.0476731294622796,-0.3453828891267239,0.6289432567832843,-0.0476731294622796,0
0.2502972127595815,1.1444379610540738,1.1030023182977406,0.4324898129343131,1.3924931538821466,0.5000288428021689,1.4510802192907537,-0.0476731294622796,-0.3453828891267239,0.6289432567832843,-0.0476731294622796,0
-0.9567808692774769,0.9137656446317076,0.3981766034855357,-1.4310262437177077,0.6300485830323638,0.3788136760832213,1.4510802192907537,-0.0476731294622796,-0.3453828891267239,0.6289432567832843,-0.0476731294622796,0
-1.0155580523242111,1.5837697874987728,1.5475242181803854,-0.6207352498150871,-0.0256232190402361,-4.216380081240819,1.4510802192907537,-0.0476731294622796,-0.3453828891267239,0.6289432567832843,-0.0476731294622796,0
0.4541417417789081,-0.668697307474244,-0.9196395873411284,0.3658959849102777,-0.9786958884989764,0.608706261676959,-0.6891417763855754,-0.0476731294622796,-0.3453828891267239,0.6289432567832843,-0.0476731294622796,1
0.49723306038819,1.186256607089737,1.257254945511309,-0.4757829702747592,1.1960425625594018,0.5439135637241332,1.4510802192907537,-0.0476731294622796,-0.3453828891267239,0.6289432567832843,-0.0476731294622796,0
0.7836814864995906,-0.1641218323749854,-0.5691267315166194,1.466498319376979,-0.353118094927368,1.0070024373950048,-0.6891417763855754,-0.0476731294622796,-0.3453828891267239,0.6289432567832843,-0.0476731294622796,1
0.5924102987627203,-0.3469216305400062,-0.898463585187754,0.6469875433621161,-0.2387781894214994,0.56575636405762,-0.6891417763855754,-0.0476731294622796,-0.3453828891267239,0.6289432567832843,-0.0476731294622796,1
0.74636253674887,-1.0792123252040011,-0.7651451509096422,0.4595718737427322,-1.1919528988114756,0.3980168265388639,-0.6891417763855754,-0.0476731294622796,-0.3453828891267239,0.6289432567832843,-0.0476731294622796,1
0.4129734746568857,-1.3791722754009337,-0.3915868058441523,0.5087798216343195,-0.6867882543041599,-0.1864327900199514,-0.6891417763855754,-0.0476731294622796,-0.3453828891267239,0.6289432567832843,-0.0476731294622796,1
0.4153879413170619,-0.2556540725038328,-0.2837796512018085,0.0372859859383019,-0.6175657945572018,-0.9941569551213686,-0.6891417763855754,-0.0476731294622796,-0.3453828891267239,0.6289432567832843,-0.0476731294622796,1
0.0915351317585569,0.1633749982797314,0.1557160300153988,0.1038798139623381,-0.6005087684751387,0.3280006967723867,-0.6891417763855754,-0.0476731294622796,-0.3453828891267239,0.6289432567832843,-0.0476731294622796,1
0.8191211074060285,-0.5350625450437922,-0.6103522453971032,1.057305250430291,-0.449417279336251,0.1536535225227332,-0.6891417763855754,-0.0476731294622796,-0.3453828891267239,0.6289432567832843,-0.0476731294622796,1
0.2066388946492861,-0.3263931594341935,-0.699154282242228,0.8013909284323619,-0.7087724578064302,-0.1542964418651885,-0.6891417763855754,-0.0476731294622796,-0.3453828891267239,0.6289432567832843,-0.0476731294622796,1
0.7116758240214635,-0.9768777595853572,-0.2681017208796326,0.4145895323907987,-0.9613641539463668,0.3112612237507661,-0.6891417763855754,-0.0476731294622796,-0.3453828891267239,0.6289432567832843,-0.0476731294622796,1
-0.2904130239240488,-0.0136154625991148,-1.034031497158877,0.4071819430062934,-0.7132679900800166,-0.8835629166173937,-0.6891417763855754,-0.0476731294622796,-0.3453828891267239,0.6289432567832843,-0.0476731294622796,1
0.4767872196259103,-2.709844091108565,-2.7163554289053127,0.2575226479341703,-2.101379441268425,0.0884362272956008,-0.6891417763855754,-0.0476731294622796,-0.3453828891267239,0.6289432567832843,-0.0476731294622796,1
0.4152025125266812,1.155604207419356,0.6151850096696919,0.3361712479726573,0.4882814154740463,-1.344644283803698,1.4510802192907537,-0.0476731294622796,-0.3453828891267239,0.6289432567832843,-0.0476731294622796,0
1.2242809491947813,-0.6722409333211057,-0.4000338529649697,0.96826766003989,-0.3324777700924098,0.5959624448338,-0.6891417763855754,-0.0476731294622796,-0.3453828891267239,0.6289432567832843,-0.0476731294622796,1
1.2388189557611358,0.0556760242702372,0.4141709803934486,1.559286734245588,-0.0685604401485355,0.1406790383737007,-0.6891417763855754,-0.0476731294622796,-0.3453828891267239,0.6289432567832843,-0.0476731294622796,1
0.7899254580044875,-0.5616266485924132,-0.9396236712350212,1.4039127020287074,-0.5469293921422316,-0.3731623884290238,-0.6891417763855754,-0.0476731294622796,-0.3453828891267239,0.6289432567832843,-0.0476731294622796,1
0.866246231663275,0.7700648127141045,0.7943623001615782,-0.4036739104379308,0.6009602988654399,1.0190401425588265,1.4510802192907537,-0.0476731294622796,-0.3453828891267239,0.6289432567832843,-0.0476731294622796,0
-2.604178122637704,0.9645089413758204,-0.1622546285667918,-1.87724822963835,0.1172913216778506,-4.216380081240819,-0.6891417763855754,-0.0476731294622796,-0.3453828891267239,0.6289432567832843,-0.0476731294622796,1
1.2388189557611358,-1.2286178411550872,-1.0266090831593015,0.1380649174175107,-0.4508702641962089,0.6882618338192671,-0.6891417763855754,-0.0476731294622796,-0.3453828891267239,0.6289432567832843,-0.0476731294622796,1
0.1070651359133582,-0.2921796478078308,-1.7428788620164684,1.1928695331214496,-0.4730997008652928,0.134551633395127,-0.6891417763855754,-0.0476731294622796,-0.3453828891267239,0.6289432567832843,-0.0476731294622796,1
-0.7383438032844013,-1.6678579720685902,-2.486201284580261,-1.1587986386575262,-1.5007360736033344,-0.7276033096147587,-0.6891417763855754,-0.0476731294622796,-0.3453828891267239,0.6289432567832843,-0.0476731294622796,1
0.6142990539921598,-0.4651874628883369,-0.5653655567409446,-0.74666963570632,0.053858320989047,-0.6825141796618286,-0.6891417763855754,-0.0476731294622796,-0.3453828891267239,0.6289432567832843,-0.0476731294622796,1
0.2985691086735068,-1.114000479121845,-1.213616705658944,-0.971901592402346,-0.731595953092421,-0.5319533735903534,-0.6891417763855754,-0.0476731294622796,-0.3453828891267239,0.6289432567832843,-0.0476731294622796,1
0.1297710377047174,-0.5396978929138517,-0.687526087439853,-0.5661034710404098,-1.7348024525595245,-0.2883982244212793,-0.6891417763855754,-0.0476731294622796,-0.3453828891267239,0.6289432567832843,-0.0476731294622796,1
0.019774610368793,-0.907382187447436,-0.5242470338267193,-0.1730551499317055,-0.8815253369565711,-0.687400616342013,-0.6891417763855754,-0.0476731294622796,-0.3453828891267239,0.6289432567832843,-0.0476731294622796,1
-0.1936217159798555,0.9346085113280324,0.4046868112854772,0.9315642888295612,0.6160477928921744,0.5559487765752937,-0.6891417763855754,-0.0476731294622796,-0.3453828891267239,0.6289432567832843,-0.0476731294622796,1
-0.4727277319958416,0.8763599311594042,0.557237516604086,-0.6352946589329491,-0.1139926400363384,-2.433626536903055,-0.6891417763855754,-0.0476731294622796,-0.3453828891267239,0.6289432567832843,-0.0476731294622796,1
0.5479154097918928,0.2534983113050925,0.0938484588111492,-1.8067296870280567,-0.748107143633868,1.15831919935035,-0.6891417763855754,-0.0476731294622796,-0.3453828891267239,0.6289432567832843,-0.0476731294622796,1
-0.0883227803082432,0.4057639148210423,-0.2871141842858919,-0.4559179567005731,-0.1879453790144345,0.1502141475754983,-0.6891417763855754,-0.0476731294622796,-0.3453828891267239,0.6289432567832843,-0.0476731294622796,1
0.7300602849300575,0.2587352540851575,0.4404022345528537,0.3669630712767268,0.0569772794212975,0.9793142427296284,-0.6891417763855754,-0.0476731294622796,-0.3453828891267239,0.6289432567832843,-0.0476731294622796,1
1.106090211790604,1.357282513061659,0.122073187354689,-1.219398754398104,-1.6869446794642888,0.50668388284245,-0.6891417763855754,-0.0476731294622796,-0.3453828891267239,0.6289432567832843,-0.0476731294622796,1
1.2388189557611358,0.7577754000545849,0.5539726169366486,0.5882996320961897,-2.229076031353456,-4.216380081240819,-0.6891417763855754,-0.0476731294622796,-0.3453828891267239,0.6289432567832843,-0.0476731294622796,1
0.3662146250754323,-0.6998465822272857,-1.3246729182342751,1.4263427168241078,-0.4670905751524355,-0.7072498820468034,-0.6891417763855754,-0.0476731294622796,-0.3453828891267239,0.6289432567832843,-0.0476731294622796,1
0.7756954262868488,0.1111483581550977,-0.7707445030737855,-2.026145388684038,-0.3136816297183543,-1.0734160227767282,-0.6891417763855754,-0.0476731294622796,-0.3453828891267239,0.6289432567832843,-0.0476731294622796,1
0.8844694133445425,0.9122596278870992,1.5475242181803854,-2.8511234036052007,1.5682368054869953,1.4013146647171886,1.4510802192907537,-0.0476731294622796,-0.3453828891267239,0.6289432567832843,-0.0476731294622796,0
0.1644912332282821,-0.5122116561105688,-0.6862429866294182,-0.3624251954808756,-1.4759917297126042,-0.3141291284013339,-0.6891417763855754,-0.0476731294622796,-0.3453828891267239,0.6289432567832843,-0.0476731294622796,1
0.2814513115381755,0.0272822531567148,-0.4834921552150747,-0.0965032243072339,0.1284361546143855,-0.304952999906796,-0.6891417763855754,-0.0476731294622796,-0.3453828891267239,0.6289432567832843,-0.0476731294622796,1
-0.0227144079897925,-1.6761314995749508,-1.979297810896168,0.8332014289679195,-0.6718665499950632,-0.458700055561049,-0.6891417763855754,-0.0476731294622796,-0.3453828891267239,0.6289432567832843,-0.0476731294622796,1
1.1379188328513554,-0.8045056385153714,-0.9435597848820536,-0.4808262471478624,-1.217617910776705,0.5011418612208078,-0.6891417763855754,-0.0476731294622796,-0.3453828891267239,0.6289432567832843,-0.0476731294622796,1
0.6729871313514012,-0.56957979042236,-0.8814411316079704,-0.4289003889473928,-0.9751891161259808,0.2610908787489304,-0.6891417763855754,-0.0476731294622796,-0.3453828891267239,0.6289432567832843,-0.0476731294622796,1
-1.075511456277717,0.014229390299159,-0.7549663373693636,-0.8124773452912258,-0.7339269617978418,0.6681985934351421,-0.6891417763855754,-0.0476731294622796,-0.3453828891267239,0.6289432567832843,-0.0476731294622796,1
0.776172071839677,-0.847472206938341,-0.3468955282521701,0.5899210770749835,-0.541826348570789,-1.1438662352927265,-0.6891417763855754,-0.0476731294622796,-0.3453828891267239,0.6289432567832843,-0.0476731294622796,1
-0.3933812538299097,1.0078079757380107,-0.6079915776300802,-0.502357547047663,-0.6331472098802667,0.598921364377318,-0.6891417763855754,-0.0476731294622796,-0.3453828891267239,0.6289432567832843,-0.0476731294622796,1
-1.5781418441549715,-3.957009865408381,-3.254482024934353,-2.389544075062807,-2.806100770818519,-3.5665223935526487,-0.6891417763855754,-0.0476731294622796,-0.3453828891267239,0.6289432567832843,-0.0476731294622796,1
-0.7761555856331344,1.148447140888294,1.3524100602996132,-1.4781196880560814,1.5450905908303416,0.8232852551538237,1.4510802192907537,-0.0476731294622796,-0.3453828891267239,0.6289432567832843,-0.0476731294622796,0
-0.3238397899989593,0.4648369313402393,1.10106185602711,-1.229529536038649,1.2175917671448184,1.13621951574889,1.4510802192907537,-0.0476731294622796,-0.3453828891267239,0.6289432567832843,-0.0476731294622796,0
0.7359129193966591,-0.8510214391182037,-0.5672442445442694,0.6857984169478889,-0.0437538676353316,-0.4887316027910668,-0.6891417763855754,-0.0476731294622796,-0.3453828891267239,0.6289432567832843,-0.0476731294622796,1
-0.5252129162986791,0.6752744825575324,0.6964381580827819,-0.3589356229068093,0.9103788155794033,0.6255475056998439,1.4510802192907537,-0.0476731294622796,-0.3453828891267239,0.6289432567832843,-0.0476731294622796,0
-1.964594440681688,0.8300414989133322,1.090157917288099,-1.0456298500128325,1.3298679837070109,-0.7458467378861957,1.4510802192907537,-0.0476731294622796,-0.3453828891267239,0.6289432567832843,-0.0476731294622796,0
-0.8744427393377199,0.1042518834011643,0.9640690023428192,-0.4568997278421173,0.9700057050269104,0.8247720331917928,1.4510802192907537,-0.0476731294622796,-0.3453828891267239,0.6289432567832843,-0.0476731294622796,0
0.4892271886858277,-1.7521451236845007,-2.5826399470006347,-0.2289211247303237,-3.220535532622655,0.8525090268779506,-0.6891417763855754,-0.0476731294622796,-0.3453828891267239,0.6289432567832843,-0.0476731294622796,1
0.6268793868903036,-0.4690204244402864,-0.1654246547809054,0.4937208232008193,-0.7902129445877466,-0.1864327900199514,-0.6891417763855754,-0.0476731294622796,-0.3453828891267239,0.6289432567832843,-0.0476731294622796,1
-0.0701089495843823,1.523668079337455,1.5475242181803854,0.3976551098012772,1.5682368054869953,-0.4368926382830724,1.4510802192907537,-0.0476731294622796,-0.3453828891267239,0.6289432567832843,-0.0476731294622796,0
-0.1095366481194924,0.8172141529580023,0.5905738540361533,0.454801689411105,0.8589648709311031,-0.938628383941672,1.4510802192907537,-0.0476731294622796,-0.3453828891267239,0.6289432567832843,-0.0476731294622796,0
0.6465253607495608,1.312320778146728,1.3712557709402275,0.9045527247579056,1.2534663090903733,0.9032413851200444,1.4510802192907537,-0.0476731294622796,-0.3453828891267239,0.6289432567832843,-0.0476731294622796,0
-0.1648225718691536,0.6973610679810338,0.6520403355764325,-0.3058689055103841,1.0399328896508264,1.2432909253385214,1.4510802192907537,-0.0476731294622796,-0.3453828891267239,0.6289432567832843,-0.0476731294622796,0
-0.5097046115773908,-0.0254063740400921,-0.3082300788624522,-1.031534677727025,0.3913065215434029,-0.0843578861851991,-0.6891417763855754,-0.0476731294622796,-0.3453828891267239,0.6289432567832843,-0.0476731294622796,1
-0.0362496154384379,-1.4529118594138088,-1.6139330419820428,-0.0317777869792118,-1.4293782920834095,-0.4679645880240161,-0.6891417763855754,-0.0476731294622796,-0.3453828891267239,0.6289432567832843,-0.0476731294622796,1
-0.0848708933961428,-1.4769824220649137,-0.6956937225298315,0.4085338231833641,-1.5092171090732054,-0.0211025467547389,-0.6891417763855754,-0.0476731294622796,-0.3453828891267239,0.6289432567832843,-0.0476731294622796,1
-2.1789537888322674,0.9454251304503644,1.0071924900634728,-0.2113178557994627,1.2455929242767956,-0.6947865961155275,1.4510802192907537,-0.0476731294622796,-0.3453828891267239,0.6289432567832843,-0.0476731294622796,0
-2.359340779549364,1.5869604422371972,1.369284938537331,-0.6476305436393612,1.3792837591799765,1.4099490715612284,1.4510802192907537,-0.0476731294622796,-0.3453828891267239,0.6289432567832843,-0.0476731294622796,0
-1.282432879641762,0.4987730024350139,0.3368709546782277,-1.1897447643440369,0.705066420900512,-0.0683527552485238,-0.6891417763855754,-0.0476731294622796,-0.3453828891267239,0.6289432567832843,-0.0476731294622796,0
-1.7096118622205896,0.8266289481056373,1.3687680778927802,-0.3528647931855965,1.4476587379726682,-0.0582300126603492,1.4510802192907537,-0.0476731294622796,-0.3453828891267239,0.6289432567832843,-0.0476731294622796,0
-2.113376229670269,-0.9704237367809097,0.1313536042318182,0.4467884544822219,-1.0377961071565365,0.5022533359240858,-0.6891417763855754,-0.0476731294622796,-0.3453828891267239,0.6289432567832843,-0.0476731294622796,1
-0.6630929160071385,0.8476705383270767,0.8925719572364518,-2.6816645423977885,0.93837646176794,0.6326582278868937,1.4510802192907537,-0.0476731294622796,-0.3453828891267239,0.6289432567832843,-0.0476731294622796,0
1.2388189557611358,0.7310455526974082,0.3368709546782277,1.3177096106574535,0.3362024353153724,-0.965911806524134,-0.6891417763855754,-0.0476731294622796,-0.3453828891267239,0.6289432567832843,-0.0476731294622796,1
0.5070439743295007,0.7816705250911723,-0.0037171136841978,0.1539383322348891,-2.229076031353456,0.9838944026498848,-0.6891417763855754,-0.0476731294622796,-0.3453828891267239,0.6289432567832843,-0.0476731294622796,1
0.4047382213546144,0.7472539271486558,0.0772466432420582,-0.185609734551962,-1.181987618535639,-0.5339744922722757,-0.6891417763855754,-0.0476731294622796,-0.3453828891267239,0.6289432567832843,-0.0476731294622796,1
-0.4572484607471369,0.3878357222615276,-0.5575162111764225,0.9140190279923384,-0.6932990588469324,0.8277373395635629,-0.6891417763855754,-0.0476731294622796,-0.3453828891267239,0.6289432567832843,-0.0476731294622796,1
0.4848818789427705,0.5928775766583029,0.6228622754423059,-1.0375454739683414,0.2746354408353756,1.032047386084564,-0.6891417763855754,-0.0476731294622796,-0.3453828891267239,0.6289432567832843,-0.0476731294622796,0
1.2388189557611358,1.5869604422371972,1.2874367664088109,1.559286734245588,1.0369201705100952,1.4099490715612284,-0.6891417763855754,-0.0476731294622796,-0.3453828891267239,0.6289432567832843,-0.0476731294622796,0
-1.5026176802298958,0.9293825847247268,0.7796995546697989,-0.9590224023074936,1.2363175987433943,-1.2753795958945946,-0.6891417763855754,-0.0476731294622796,-0.3453828891267239,0.6289432567832843,-0.0476731294622796,0
1.2388189557611358,1.5869604422371972,1.3857670576015324,1.559286734245588,-0.7725147356285503,1.4099490715612284,-0.6891417763855754,-0.0476731294622796,-0.3453828891267239,0.6289432567832843,-0.0476731294622796,1
-2.021163760847767,-1.237043754049027,0.0319319022322686,-2.400278695284547,-0.5731191105699436,-3.335981709959497,-0.6891417763855754,-0.0476731294622796,-0.3453828891267239,0.6289432567832843,-0.0476731294622796,1
0.1992413851995337,0.6570557771537743,-1.288881072703078,0.3313570342658505,-1.6114332852898976,-0.9090054704416778,-0.6891417763855754,-0.0476731294622796,-0.3453828891267239,0.6289432567832843,-0.0476731294622796,1
-0.4903949080363166,-1.786900544235625,-1.5566812905793894,0.7075695310166934,0.0500939666303841,-0.0460289403538239,-0.6891417763855754,-0.0476731294622796,-0.3453828891267239,0.6289432567832843,-0.0476731294622796,1
-0.6356571802884949,0.8669310557121245,0.7156897097436826,1.1868170313319928,0.8229205629312479,-4.216380081240819,-0.6891417763855754,-0.0476731294622796,-0.3453828891267239,0.6289432567832843,-0.0476731294622796,1
0.1881661659396359,0.8218057135945985,0.8777962504517465,0.5215104706334598,1.2304028862173997,-0.5159653493796742,1.4510802192907537,-0.0476731294622796,-0.3453828891267239,0.6289432567832843,-0.0476731294622796,0
-1.375884776345932,1.2259305447360358,0.8645612021305885,-1.3443304778105454,0.9138026437925066,0.7043900942111104,1.4510802192907537,-0.0476731294622796,-0.3453828891267239,0.6289432567832843,-0.0476731294622796,0
0.7026026001573792,0.626741123113162,-0.7740264135163096,1.3137405820179378,-1.1919528988114756,-1.9820773329591488,-0.6891417763855754,-0.0476731294622796,-0.3453828891267239,0.6289432567832843,-0.0476731294622796,1
0.5523390446434642,-2.3383998504878223,-1.1096816221510482,-0.3945264998062325,-1.7868268137750116,-1.7670977816583713,-0.6891417763855754,-0.0476731294622796,-0.3453828891267239,0.6289432567832843,-0.0476731294622796,1
-0.0728607173538938,-0.7857068889205356,-0.6551403994863481,-0.7884621963024505,-0.9185208249577264,-0.5061324268420959,-0.6891417763855754,-0.0476731294622796,-0.3453828891267239,0.6289432567832843,-0.0476731294622796,1
-2.431717715648024,0.0590282124684859,1.3913803860901022,-0.3340758131034478,1.112834820846257,-0.1161579063886457,1.4510802192907537,-0.0476731294622796,-0.3453828891267239,0.6289432567832843,-0.0476731294622796,0
0.1029966932194899,-1.1423721507772802,-0.3959571870668922,-0.4747780699870097,-0.5367664906530185,0.3154789868165453,-0.6891417763855754,-0.0476731294622796,-0.3453828891267239,0.6289432567832843,-0.0476731294622796,1
0.7061407481931239,0.4365058792831293,0.1293981400550022,1.3729722014514758,-0.5803012146538997,0.6595742737098098,-0.6891417763855754,-0.0476731294622796,-0.3453828891267239,0.6289432567832843,-0.0476731294622796,1
1.1116369702543134,0.7654913238741261,0.0681684129131313,1.559286734245588,-0.0801856211878694,1.055219873926404,-0.6891417763855754,-0.0476731294622796,-0.3453828891267239,-1.5899685531481431,-0.0476731294622796,1
-0.6387787162698182,0.7502717000691439,0.7683921644048359,-0.203375723857699,0.954954720970134,0.5165639507206766,1.4510802192907537,-0.0476731294622796,-0.3453828891267239,-1.5899685531481431,-0.0476731294622796,0
0.4463857733692645,-0.4085332764735998,0.3770053208619288,0.7207704980441305,-0.2316783251144484,-0.0797522807923648,-0.6891417763855754,-0.0476731294622796,-0.3453828891267239,-1.5899685531481431,-0.0476731294622796,1
0.3156299555641892,-0.3532935144898297,-0.7144473425350474,-0.8294104812213177,-0.4626230352464485,-0.6375213022969023,-0.6891417763855754,-0.0476731294622796,-0.3453828891267239,-1.5899685531481431,-0.0476731294622796,1
-0.4772148674455765,1.3564018907193678,1.5131109483194385,0.8106958753998238,1.455088450789548,-0.0416378437090591,1.4510802192907537,-0.0476731294622796,-0.3453828891267239,-1.5899685531481431,-0.0476731294622796,0
-0.2149975962264586,1.4379737488839457,1.5475242181803854,0.7258086446788224,1.5682368054869953,0.6250712066471312,1.4510802192907537,-0.0476731294622796,-0.3453828891267239,-1.5899685531481431,-0.0476731294622796,0
0.9771047410672296,1.2183442732291792,0.6839676571145002,1.0140085678786803,-0.6697649556498662,1.4099490715612284,-0.6891417763855754,-0.0476731294622796,-0.3453828891267239,-1.5899685531481431,-0.0476731294622796,1
-1.6227839642736182,-1.5213038807618644,-0.6697216473391745,-0.9129010939300272,0.0532325721348337,-2.9677248476351465,-0.6891417763855754,-0.0476731294622796,-0.3453828891267239,-1.5899685531481431,-0.0476731294622796,1
-0.787703224674819,-1.2660327684856327,0.1286860424944872,-0.0376125996419606,-2.9781067379719315,0.4363023304954658,-0.6891417763855754,-0.0476731294622796,-0.3453828891267239,-1.5899685531481431,-0.0476731294622796,1
-1.1805368824606934,1.2371170919015249,1.5317990953111191,-0.3374597511229427,1.411904738210488,-0.064964280294757,1.4510802192907537,-0.0476731294622796,-0.3453828891267239,-1.5899685531481431,-0.0476731294622796,0
0.0277291666873822,-1.3952205598341123,-1.457622925522766,-0.4055158475449493,-0.6614316782372469,-0.7947592607263424,-0.6891417763855754,-0.0476731294622796,-0.3453828891267239,-1.5899685531481431,-0.0476731294622796,1
-0.6070931908820143,0.3573372875458367,0.270935807320761,0.5749349856729785,1.0798039832975683,-1.4841014433034994,1.4510802192907537,-0.0476731294622796,-0.3453828891267239,-1.5899685531481431,-0.0476731294622796,0
-0.9540815783513212,0.1297355641081529,0.2317560348162798,0.2019558952346613,0.8092875747380719,0.0365306194228063,-0.6891417763855754,-0.0476731294622796,-0.3453828891267239,-1.5899685531481431,-0.0476731294622796,1
-0.0677412153141833,1.3181419549072355,1.2137632355064172,-0.4185279707423132,1.5682368054869953,0.0275431629873551,1.4510802192907537,-0.0476731294622796,-0.3453828891267239,-1.5899685531481431,-0.0476731294622796,0
0.7660927682863762,-0.5330094637860311,-1.101633536079425,0.1762813207510669,-0.7601864024547302,0.8033205205889219,-0.6891417763855754,-0.0476731294622796,-0.3453828891267239,-1.5899685531481431,-0.0476731294622796,1
0.4715085355093829,1.5869604422371972,1.5475242181803854,0.9595887212709058,1.5682368054869953,1.0535468605158431,1.4510802192907537,-0.0476731294622796,-0.3453828891267239,-1.5899685531481431,-0.0476731294622796,0
0.1206454954091776,-1.1423721507772802,-0.7367398228416455,-0.0933607156075331,-0.7700286489879778,0.668649944127219,-0.6891417763855754,-0.0476731294622796,-0.3453828891267239,-1.5899685531481431,-0.0476731294622796,1
-0.4231183419663119,0.6799971691882619,0.3820382711144115,-0.0698677090044139,0.9039246728399406,0.3650923169882799,-0.6891417763855754,-0.0476731294622796,-0.3453828891267239,-1.5899685531481431,-0.0476731294622796,0
-0.6575178754857461,0.6724594933665855,0.8517088012305063,-0.373871203997324,1.1478606600599548,0.021495035164962,1.4510802192907537,-0.0476731294622796,-0.3453828891267239,-1.5899685531481431,-0.0476731294622796,0
-0.5386129572689273,1.15524308794484,1.1429045648311118,-0.0429000905272811,1.1347729255186545,0.9062660723734004,-0.6891417763855754,-0.0476731294622796,-0.3453828891267239,-1.5899685531481431,-0.0476731294622796,0
-0.6095424976641377,1.5761863485119294,1.5475242181803854,-1.6907533252122189,1.5682368054869953,-0.1066034190506679,1.4510802192907537,-0.0476731294622796,-0.3453828891267239,-1.5899685531481431,-0.0476731294622796,0
0.74636253674887,-0.7764421008934034,-0.7439876608420706,0.4522460641850981,-1.1345100699210249,0.3266190186152911,-0.6891417763855754,-0.0476731294622796,-0.3453828891267239,-1.5899685531481431,-0.0476731294622796,1
-3.988297436476556,0.8044743812754498,1.1227387933016213,-0.0971331908980173,1.0183933267551293,1.4099490715612284,1.4510802192907537,-0.0476731294622796,-0.3453828891267239,-1.5899685531481431,-0.0476731294622796,0
-0.267608789280547,-2.1267435332373323,-1.103639043836649,0.3765041465493509,-1.379225303211354,-1.42046698518509,-0.6891417763855754,-0.0476731294622796,-0.3453828891267239,-1.5899685531481431,-0.0476731294622796,1
0.6074072893096012,-1.2573529464101472,-1.1090082843346458,0.1599263536309516,-1.6320526725808404,-0.0221703325657481,-0.6891417763855754,-0.0476731294622796,-0.3453828891267239,-1.5899685531481431,-0.0476731294622796,1
-0.0871702330876734,0.804344841184083,0.7909586784882785,-2.2347029804761025,0.9342307939234538,-0.9352823534746926,-0.6891417763855754,-0.0476731294622796,-0.3453828891267239,-1.5899685531481431,-0.0476731294622796,0
-0.1341567469824552,-1.048235943483468,-0.4336320681016115,1.3316663464186582,-0.731595953092421,-0.575505709254056,-0.6891417763855754,-0.0476731294622796,-0.3453828891267239,-1.5899685531481431,-0.0476731294622796,1
-0.5425604790779969,-0.2533440509474376,0.1356058666266455,1.0971072762659546,-0.0609340232859695,0.4553693565129811,1.4510802192907537,-0.0476731294622796,-0.3453828891267239,-1.5899685531481431,-0.0476731294622796,0
0.1190336801415161,-1.558864977830027,-1.033410697208834,-0.497178922537985,-1.5007360736033344,-0.1246125619432702,-0.6891417763855754,-0.0476731294622796,-0.3453828891267239,-1.5899685531481431,-0.0476731294622796,1
0.5027552258593996,-0.0109146729230882,-0.084304554471136,-0.63651983222483,-0.0817528644852987,0.0164198242016934,-0.6891417763855754,-0.0476731294622796,-0.3453828891267239,-1.5899685531481431,-0.0476731294622796,1
0.8439167637743505,0.5741805598889038,0.6562937544870314,0.1571681479798416,0.6448938332966391,0.5616414737194465,1.4510802192907537,-0.0476731294622796,-0.3453828891267239,-1.5899685531481431,-0.0476731294622796,0
-0.2866450359664626,-0.3862356564394455,-0.994516706293613,0.3694474891835664,-0.7155284955160168,-0.0889901137223503,-0.6891417763855754,-0.0476731294622796,-0.3453828891267239,-1.5899685531481431,-0.0476731294622796,1
-0.8191062788473401,-1.6878340231798694,-1.9292379282911567,-0.3417096401391133,1.0140158144394378,-1.065520657112902,-0.6891417763855754,-0.0476731294622796,-0.3453828891267239,-1.5899685531481431,-0.0476731294622796,1
0.239140275958787,-0.1725782853884158,-0.5571440786547416,1.2580461851041953,-0.1367806915281079,0.1929977549393103,-0.6891417763855754,-0.0476731294622796,-0.3453828891267239,-1.5899685531481431,-0.0476731294622796,1
0.40911762904908,0.5852795867262369,0.1955073073597401,1.4162772655296292,0.053858320989047,0.8173104044932261,1.4510802192907537,-0.0476731294622796,-0.3453828891267239,-1.5899685531481431,-0.0476731294622796,0
-0.6627983680325188,1.1473553669438146,-0.1610382563950438,-0.005465814131472,0.3493182523170111,-0.3616552944521601,-0.6891417763855754,-0.0476731294622796,-0.3453828891267239,-1.5899685531481431,-0.0476731294622796,1
0.9975937025347948,-0.5938372245533139,-0.1586102699101164,-0.6639531336444322,-0.6697649556498662,0.0638638995718985,-0.6891417763855754,-0.0476731294622796,-0.3453828891267239,-1.5899685531481431,-0.0476731294622796,1
-1.2759621301172694,0.4067394629352422,-0.2946608451180242,-0.3528647931855965,-0.4523267886086516,-3.660910553803582,-0.6891417763855754,-0.0476731294622796,-0.3453828891267239,-1.5899685531481431,-0.0476731294622796,1
0.6459944950864976,-0.1879158794155225,-0.1598234715553017,0.8737617356748572,-0.5894018922646892,0.962918080728977,-0.6891417763855754,-0.0476731294622796,-0.3453828891267239,-1.5899685531481431,-0.0476731294622796,1
-0.8306501438824888,0.6467509128109077,-0.4441173826536467,-0.1404970523501635,0.1981838362480489,-0.7672179545913421,-0.6891417763855754,-0.0476731294622796,-0.3453828891267239,-1.5899685531481431,-0.0476731294622796,1
0.2374630737191379,-1.3466644693329075,-0.373390937483936,0.3786092178061807,-0.4436403940518823,-0.9834480233879028,-0.6891417763855754,-0.0476731294622796,-0.3453828891267239,-1.5899685531481431,-0.0476731294622796,1
0.7707261000985782,0.1527972742821138,-1.895731861857775,0.9419469444995184,-2.036088859666213,0.3650923169882799,-0.6891417763855754,-0.0476731294622796,-0.3453828891267239,-1.5899685531481431,-0.0476731294622796,1
0.1274306039724875,-1.8765796112207345,-1.9083542856325533,-0.2142253099606499,-1.484126589562098,-1.0160139408494504,-0.6891417763855754,-0.0476731294622796,-0.3453828891267239,-1.5899685531481431,-0.0476731294622796,1
1.2388189557611358,-0.2380826132740016,-0.1730277991971588,1.0419959176503757,-0.0313654286081686,0.8596514371938796,-0.6891417763855754,-0.0476731294622796,-0.3453828891267239,-1.5899685531481431,-0.0476731294622796,1
0.8862530588889329,0.0838078110103971,0.4061420498958427,1.559286734245588,-0.5572680297173795,0.9632305678191516,-0.6891417763855754,-0.0476731294622796,-0.3453828891267239,-1.5899685531481431,-0.0476731294622796,1
0.9695562734330389,-0.5824417237647233,-0.5668682035411393,0.3442537916259268,-0.4479678168672868,0.2459415971266232,-0.6891417763855754,-0.0476731294622796,-0.3453828891267239,-1.5899685531481431,-0.0476731294622796,1
0.7532926414631846,-1.558864977830027,-0.414923333594608,0.7708761907460133,-0.2377587467608422,-0.2295422422551413,-0.6891417763855754,-0.0476731294622796,-0.3453828891267239,-1.5899685531481431,-0.0476731294622796,1
0.4176708118787692,0.0840796224519043,0.1094323986748419,-0.7680172784590308,0.3920174645232754,0.909613500517989,-0.6891417763855754,-0.0476731294622796,-0.3453828891267239,-1.5899685531481431,-0.0476731294622796,1
0.0089497508183814,0.8389584901341516,0.805790774503797,-0.164107393892305,0.7656577719462407,0.7521349003691655,-0.6891417763855754,-0.0476731294622796,-0.3453828891267239,-1.5899685531481431,-0.0476731294622796,0
-0.4783412218235286,0.6116957112506504,1.0402815588365584,-1.488577278031325,1.3900887150829315,1.029175077874826,1.4510802192907537,-0.0476731294622796,-0.3453828891267239,-1.5899685531481431,-0.0476731294622796,0
0.2571701442948103,-0.2921796478078308,-0.8751371154803989,0.1654147627204004,-0.4224609786839384,-0.1864327900199514,-0.6891417763855754,-0.0476731294622796,-0.3453828891267239,-1.5899685531481431,-0.0476731294622796,1
0.5495457902830688,-2.183864313954613,-2.07490381888556,0.2917778057246795,-1.773390226390233,-0.1246125619432702,-0.6891417763855754,-0.0476731294622796,-0.3453828891267239,-1.5899685531481431,-0.0476731294622796,1
0.648997352145122,0.4626300436405423,-0.5931781156879398,-0.7709065933845892,-0.2627183210894525,-0.2378899545356526,-0.6891417763855754,-0.0476731294622796,-0.3453828891267239,-1.5899685531481431,-0.0476731294622796,1
0.1881661659396359,0.1418471269634449,-0.7331369562616041,1.1959428260249043,0.0302580198787603,-0.7781211586003284,-0.6891417763855754,-0.0476731294622796,-0.3453828891267239,-1.5899685531481431,-0.0476731294622796,1
-0.4498533342199969,-0.4840175579170496,-0.8636894760814621,0.1437028669592372,-0.7851026316350234,-0.064964280294757,-0.6891417763855754,-0.0476731294622796,-0.3453828891267239,-1.5899685531481431,-0.0476731294622796,1
0.0013376451014969,1.5869604422371972,1.5475242181803854,1.2462406727729642,1.5682368054869953,1.4099490715612284,1.4510802192907537,-0.0476731294622796,-0.3453828891267239,-1.5899685531481431,-0.0476731294622796,0
0.0542968267230908,-0.5511226715829841,0.0378410809234613,1.351633698496198,-0.8638520411403865,0.6307681960376784,-0.6891417763855754,-0.0476731294622796,-0.3453828891267239,-1.5899685531481431,-0.0476731294622796,1
1.0864232588395564,0.8619379375403249,1.2247458445099233,-0.979354076898754,-0.5234792110416784,0.4734177525775732,-0.6891417763855754,-0.0476731294622796,-0.3453828891267239,-1.5899685531481431,-0.0476731294622796,1
0.364487042088737,1.5869604422371972,0.0394105472435403,0.9509887681411416,0.3420243213882039,1.156848339715777,-0.6891417763855754,-0.0476731294622796,-0.3453828891267239,-1.5899685531481431,-0.0476731294622796,1
1.1336073977780623,-1.8483998522328309,-1.0358963849089733,0.6525042551091796,-1.2282005405917733,-0.1799015954937439,-0.6891417763855754,-0.0476731294622796,-0.3453828891267239,-1.5899685531481431,-0.0476731294622796,1
0.4103638040981218,0.4114085146845198,0.1327731843629508,-0.9409715007175476,-0.4776465134661654,-0.5797797094255644,-0.6891417763855754,-0.0476731294622796,-0.3453828891267239,-1.5899685531481431,-0.0476731294622796,1
0.2245488550841715,-0.5147242799291433,-0.821231130496522,1.004190640113626,0.8456392014532613,0.1986957087851467,-0.6891417763855754,-0.0476731294622796,-0.3453828891267239,-1.5899685531481431,-0.0476731294622796,1
1.2388189557611358,0.3209642534076722,-0.7091756560126538,1.2063561723907774,-0.1065856261329468,1.170472497680203,-0.6891417763855754,-0.0476731294622796,-0.3453828891267239,-1.5899685531481431,-0.0476731294622796,1
1.2388189557611358,0.4018519030460107,0.4443437243187154,0.59288532701644,0.061316666876767,0.0483592198971094,-0.6891417763855754,-0.0476731294622796,-0.3453828891267239,-1.5899685531481431,-0.0476731294622796,1
0.2807006127839285,0.3872390161880289,-0.6948305889579428,-1.204436139047321,-0.067027354755691,-0.2721785273022113,-0.6891417763855754,-0.0476731294622796,-0.3453828891267239,-1.5899685531481431,-0.0476731294622796,1
0.1723562522419999,-1.0526011668676982,-1.3263716221556396,1.2548435166975538,-1.710394860564842,-0.7891747563664603,-0.6891417763855754,-0.0476731294622796,-0.3453828891267239,-1.5899685531481431,-0.0476731294622796,1
0.921615171353138,-0.8467639128347166,-0.9290230770166626,-0.3148876852359162,-0.4238498363946765,-0.1294841461407122,-0.6891417763855754,-0.0476731294622796,-0.3453828891267239,-1.5899685531481431,-0.0476731294622796,1
-0.7214681885011799,-1.048235943483468,0.3577115837829626,0.885844169238081,0.7163243409032368,-0.5022327931975166,-0.6891417763855754,-0.0476731294622796,-0.3453828891267239,-1.5899685531481431,-0.0476731294622796,1
-1.2020595248790955,1.0518750330729565,1.1373165072164022,-2.554551251104872,1.1501643346476953,0.3973840802504849,1.4510802192907537,-0.0476731294622796,-0.3453828891267239,-1.5899685531481431,-0.0476731294622796,0
-0.0244648974341427,1.5869604422371972,1.0256523683500818,1.559286734245588,-0.0299246978493003,1.243070616572159,-0.6891417763855754,-0.0476731294622796,-0.3453828891267239,-1.5899685531481431,-0.0476731294622796,0
-1.6359152931632377,1.060274511740825,1.4742763100477627,0.3460795458971257,1.0288928741028045,0.962918080728977,1.4510802192907537,-0.0476731294622796,-0.3453828891267239,-1.5899685531481431,-0.0476731294622796,0
0.8475952050116082,-0.9592312853519622,-0.5296497738362614,0.8176561018767795,-0.1008873926299074,1.2413059626631724,-0.6891417763855754,-0.0476731294622796,-0.3453828891267239,-1.5899685531481431,-0.0476731294622796,1
0.4593803959002595,0.8731064285770054,1.370740003712362,-0.24615746138858,1.1883083400136951,-0.0786050033843868,1.4510802192907537,-0.0476731294622796,-0.3453828891267239,-1.5899685531481431,-0.0476731294622796,0
0.6287422874085967,-2.46821020581161,-1.2896980007858627,0.4471105097132577,-0.5749065647431333,-1.0616019542793338,-0.6891417763855754,-0.0476731294622796,-0.3453828891267239,-1.5899685531481431,-0.0476731294622796,1
-0.1795838017534516,-1.1233660006358075,-1.4334677173580168,1.0807722583707409,-0.8875344626694284,-2.0873264763538235,-0.6891417763855754,-0.0476731294622796,-0.3453828891267239,-1.5899685531481431,-0.0476731294622796,1
-0.7442827882354788,0.4112144179255193,-0.994516706293613,-0.2084207947048143,-1.061556967908469,0.560092926121452,-0.6891417763855754,-0.0476731294622796,-0.3453828891267239,-1.5899685531481431,-0.0476731294622796,1
-1.7096118622205896,0.9051616071896924,0.3831229079870051,-0.8155298987238124,-1.332955586761862,0.2405709576588865,-0.6891417763855754,-0.0476731294622796,-0.3453828891267239,-1.5899685531481431,-0.0476731294622796,1
1.2388189557611358,-0.0721375887539351,-1.0371417222058597,0.9708027011378656,-0.8495131530929595,0.6904603897458539,-0.6891417763855754,-0.0476731294622796,-0.3453828891267239,0.6289432567832843,-0.0476731294622796,1
-1.3279649059366214,-0.6368022016194794,-0.8422182559124243,-0.5395651552897813,-0.0833242266923189,0.3231543650015684,-0.6891417763855754,-0.0476731294622796,-0.3453828891267239,0.6289432567832843,-0.0476731294622796,1
-1.516670415186089,-0.6913615716279604,-2.803566261453663,-0.4204040178259427,-1.3141717495510483,-0.5670254911503423,-0.6891417763855754,-0.0476731294622796,-0.3453828891267239,0.6289432567832843,-0.0476731294622796,1
1.047332479871111,0.1299948343095073,0.3959072797345851,0.9143809176961574,-0.2206889886385399,0.9439422975478736,-0.6891417763855754,-0.0476731294622796,-0.3453828891267239,0.6289432567832843,-0.0476731294622796,1
0.2707141396139267,-1.3360656938109343,-1.7644032773905602,1.559286734245588,-0.2031310327530662,-1.367219667726551,-0.6891417763855754,-0.0476731294622796,-0.3453828891267239,0.6289432567832843,-0.0476731294622796,1
0.446799269298148,-0.3376511053598563,-0.5416473440044289,1.1300702471647386,-0.6911209035213339,0.4837139087631207,-0.6891417763855754,-0.0476731294622796,-0.3453828891267239,0.6289432567832843,-0.0476731294622796,1
0.7196773933645305,0.6189340331755505,0.7037642393129546,-0.0921071160099711,0.8501141718483641,0.6439057547328386,1.4510802192907537,-0.0476731294622796,-0.3453828891267239,0.6289432567832843,-0.0476731294622796,0
-0.4129946548752857,-0.1249286771744023,-0.5835594158230847,-0.3190205446673855,-0.9857717459410494,0.2883837198874459,-0.6891417763855754,-0.0476731294622796,-0.3453828891267239,0.6289432567832843,-0.0476731294622796,1
0.478255792125777,0.7517770807819297,0.2929893887367746,-0.2281799706062107,0.5862528683457715,0.7952703042270397,1.4510802192907537,-0.0476731294622796,-0.3453828891267239,0.6289432567832843,-0.0476731294622796,0
1.2388189557611358,0.1844364457904646,-0.0632753635418795,1.1472167777650792,0.1053612703151831,0.4808671095611795,-0.6891417763855754,-0.0476731294622796,-0.3453828891267239,0.6289432567832843,-0.0476731294622796,1
0.9923874879851314,0.0940835888401572,-0.7591169538148749,1.559286734245588,-0.6099247579676224,0.4693776922179657,-0.6891417763855754,-0.0476731294622796,-0.3453828891267239,0.6289432567832843,-0.0476731294622796,1
1.2388189557611358,0.2880367943647499,0.9484763394681386,1.4516255285477686,-0.0896513013494553,0.9122814118713318,-0.6891417763855754,-0.0476731294622796,-0.3453828891267239,0.6289432567832843,-0.0476731294622796,1
1.2388189557611358,-1.5872613682648933,-0.2181875057598531,-0.2668705654985945,-0.4141949072709625,-2.9677248476351465,-0.6891417763855754,-0.0476731294622796,-0.3453828891267239,0.6289432567832843,-0.0476731294622796,1
0.1070651359133582,-0.3674604286065741,-1.208359550553648,0.0899916801188964,0.2030766865940614,-1.432796045790259,-0.6891417763855754,-0.0476731294622796,-0.3453828891267239,0.6289432567832843,-0.0476731294622796,1
0.634885927679678,-0.4322784437951421,-0.4428002413081995,1.420647860221571,-0.4868452022200673,0.2305004039398524,-0.6891417763855754,-0.0476731294622796,-0.3453828891267239,0.6289432567832843,-0.0476731294622796,1
0.6744751037349501,-1.659654264191965,-1.1687724576849667,-0.4336593690235249,-0.4020062025454141,-0.8742264249991147,-0.6891417763855754,-0.0476731294622796,-0.3453828891267239,0.6289432567832843,-0.0476731294622796,1
1.2388189557611358,-2.368416652010576,-2.109743666453839,-0.0346899423879222,-1.9588327809284232,-2.8146183140512395,-0.6891417763855754,-0.0476731294622796,-0.3453828891267239,0.6289432567832843,-0.0476731294622796,1
-0.5631534786934751,-0.4058304009208708,-0.5061087850967915,-0.8579058687575275,0.0600800522154168,0.5454936624271772,-0.6891417763855754,-0.0476731294622796,-0.3453828891267239,0.6289432567832843,-0.0476731294622796,1
-0.011385791671417,0.0217924068921387,-0.3102255554906444,0.4442073950451808,-0.8438725171484749,-0.0924819411755591,-0.6891417763855754,-0.0476731294622796,-0.3453828891267239,0.6289432567832843,-0.0476731294622796,1
-0.5307849716017817,-0.0591396849684802,-0.0465724825373891,0.7892381115951326,-0.0335330550631518,0.2558211444675674,-0.6891417763855754,-0.0476731294622796,-0.3453828891267239,0.6289432567832843,-0.0476731294622796,1
-0.2945471408317017,1.185294055163003,0.9380835258831024,-0.3836841711680621,1.1473586845660864,-0.0307642286798089,1.4510802192907537,-0.0476731294622796,2.895337410977217,-1.5899685531481431,-0.0476731294622796,0
0.8600417443729139,-0.4743155451112055,0.338862467184175,-0.3774258236352221,-0.0437538676353316,0.7035265454932822,-0.6891417763855754,-0.0476731294622796,2.895337410977217,-1.5899685531481431,-0.0476731294622796,1
0.1482143215410854,-0.5319845468600776,0.1301096933024042,-1.0079276113139592,0.5546243590989306,-0.8866994103770486,1.4510802192907537,-0.0476731294622796,2.895337410977217,-1.5899685531481431,-0.0476731294622796,0
0.7851663842190699,-0.8961435233833323,-0.2071374800556435,0.6017135758158935,-0.1231720704849344,0.1230463549092029,-0.6891417763855754,-0.0476731294622796,2.895337410977217,-1.5899685531481431,-0.0476731294622796,1
0.1924469118319219,-0.0241904469094379,0.3988430001712988,0.0034895474651303,0.8651155242702752,-0.2973856808567304,1.4510802192907537,-0.0476731294622796,2.895337410977217,-1.5899685531481431,-0.0476731294622796,0
0.0682293984908587,0.3203250422410458,0.7294279420720177,-0.355461011032795,0.9852142311904092,0.238258190880185,1.4510802192907537,-0.0476731294622796,2.895337410977217,-1.5899685531481431,-0.0476731294622796,0
-1.8104987081046795,-1.2791995649914345,-0.7376427225153297,-1.3772924024173947,-0.657308193096189,-0.8711382780846736,-0.6891417763855754,-0.0476731294622796,2.895337410977217,-1.5899685531481431,-0.0476731294622796,1
0.6824132364274034,0.6256518976611496,0.3114644233881233,-0.4568997278421173,0.6663804266166671,0.7662403988795107,1.4510802192907537,-0.0476731294622796,2.895337410977217,-1.5899685531481431,-0.0476731294622796,0
-0.1017825471913247,1.3619657401325669,1.3962758425592772,0.1798713686069594,1.3778510018916237,-1.1976097078383754,1.4510802192907537,-0.0476731294622796,2.895337410977217,-1.5899685531481431,-0.0476731294622796,0
-0.5192068972606481,0.4668555200327581,0.7124610782627506,-1.1178119963100372,1.1752233568587651,-0.2620252477215512,1.4510802192907537,-0.0476731294622796,2.895337410977217,-1.5899685531481431,-0.0476731294622796,0
-0.5915137951943789,0.1140514334105305,1.034443979921084,-0.8741805517369146,1.461655598919345,-2.0462214083491683,1.4510802192907537,-0.0476731294622796,2.895337410977217,-1.5899685531481431,-0.0476731294622796,0
-2.508302156013544,0.7987582243509334,1.5475242181803854,-0.6910351944528513,1.555635167950051,0.9136120441946496,1.4510802192907537,-0.0476731294622796,2.895337410977217,-1.5899685531481431,-0.0476731294622796,0
-2.225465031345748,1.334047885047932,0.6191892948391834,-0.4818386794821938,0.8960254332657609,-1.034694813146512,1.4510802192907537,-0.0476731294622796,2.895337410977217,-1.5899685531481431,-0.0476731294622796,0
0.037945647196573,1.3286236908588986,1.4482333642256555,0.1936345102754132,1.2901639909733262,0.5564679687752486,1.4510802192907537,-0.0476731294622796,2.895337410977217,-1.5899685531481431,-0.0476731294622796,0
0.7183635047252844,-0.3140353623335972,-0.4382048677770427,-0.1877212042088966,-0.5435225283626052,0.146759947690443,-0.6891417763855754,-0.0476731294622796,2.895337410977217,-1.5899685531481431,-0.0476731294622796,1
0.0912387295581303,-1.1347250425995543,-0.3856882033759785,-1.0098688145851018,-0.7292739968707912,-0.1282634709121578,-0.6891417763855754,-0.0476731294622796,2.895337410977217,-1.5899685531481431,-0.0476731294622796,1
-1.3096908239899616,1.5869604422371972,1.0166397255015875,0.0090368105885037,1.2310144623398955,0.0365306194228063,1.4510802192907537,-0.0476731294622796,2.895337410977217,-1.5899685531481431,-0.0476731294622796,0
0.0958678109512332,-0.7653094285789405,-0.5935649386690265,1.559286734245588,-0.6390965423058471,0.2977566119114729,-0.6891417763855754,-0.0476731294622796,2.895337410977217,-1.5899685531481431,-0.0476731294622796,1
1.0889678210224274,-0.3301313407240434,0.5570127183681256,0.6019796030555168,-0.510480808341684,-1.5042206539670844,-0.6891417763855754,-0.0476731294622796,2.895337410977217,-1.5899685531481431,-0.0476731294622796,1
-0.7266168998897266,0.1268790187760601,1.338531034594283,-0.1040953358292733,1.5682368054869953,-1.3502287881635802,1.4510802192907537,-0.0476731294622796,2.895337410977217,-1.5899685531481431,-0.0476731294622796,0
0.3237226386006253,-1.2296670950229698,-0.5935649386690265,0.9085712012172512,-0.9313794490537816,-0.7618214821271581,-0.6891417763855754,-0.0476731294622796,2.895337410977217,-1.5899685531481431,-0.0476731294622796,1
0.3801420716278534,-0.5856839733990039,0.4829887972480615,0.0189271947609565,-0.0108071659659217,0.3768678075449623,-0.6891417763855754,-0.0476731294622796,2.895337410977217,-1.5899685531481431,-0.0476731294622796,1
-0.9806275422821864,1.476555805729182,0.8964832633713077,-0.6340713349599479,0.8932665835717997,1.2143589643590953,1.4510802192907537,-0.0476731294622796,2.895337410977217,-1.5899685531481431,-0.0476731294622796,0
0.1049370364910661,-0.8446421216376127,-0.6760413558653453,0.4979656244103811,-1.400206507745185,0.2550654884638169,-0.6891417763855754,-0.0476731294622796,2.895337410977217,-1.5899685531481431,-0.0476731294622796,1
-1.1353067710629223,-0.0585100647300069,0.2747493705837836,-0.3181922850365486,-0.0364355023920734,0.6038287473343472,-0.6891417763855754,-0.0476731294622796,2.895337410977217,-1.5899685531481431,-0.0476731294622796,1
0.4530892251578464,-0.1843273422500974,-0.2291086809129757,0.3087593255782859,-0.1265452979125149,-2.160898579695002,-0.6891417763855754,-0.0476731294622796,2.895337410977217,-1.5899685531481431,-0.0476731294622796,1
0.3219560279773517,1.5869604422371972,1.2612728754930944,-0.202657556351037,1.5682368054869953,0.5979362712814241,1.4510802192907537,-0.0476731294622796,2.895337410977217,-1.5899685531481431,-0.0476731294622796,0
-0.8551111039080067,0.1161573288762857,-0.6432294515339149,-0.8387980608315966,-0.6889506544030582,0.0638638995718985,-0.6891417763855754,-0.0476731294622796,2.895337410977217,-1.5899685531481431,-0.0476731294622796,1
0.2778404917244707,-0.5319845468600776,0.1181188333116372,0.5084813675789351,-0.8005665015768918,0.2948843037017348,-0.6891417763855754,-0.0476731294622796,2.895337410977217,-1.5899685531481431,-0.0476731294622796,1
0.6581893000127853,-1.482413350235804,-0.2949415294230573,0.7602250660272665,0.3115185142392655,-0.969388485003673,-0.6891417763855754,-0.0476731294622796,2.895337410977217,-1.5899685531481431,-0.0476731294622796,1
0.5388271723168624,-1.2099223877777736,0.8702793629346542,-0.3720997235581759,0.3909507327940604,-0.2364926165484841,-0.6891417763855754,-0.0476731294622796,2.895337410977217,-1.5899685531481431,-0.0476731294622796,1
0.9979925595467256,0.0870645430821328,-0.5710130330548435,0.3983393242600129,-1.090526792111138,0.2796334258596439,-0.6891417763855754,-0.0476731294622796,2.895337410977217,-1.5899685531481431,-0.0476731294622796,1
1.1572895154839171,1.5869604422371972,1.0206788919744505,1.559286734245588,0.2250819996943086,1.4099490715612284,-0.6891417763855754,-0.0476731294622796,2.895337410977217,-1.5899685531481431,-0.0476731294622796,0
-0.2258606831789043,-0.6913615716279604,-1.0765974901807704,0.714081088394993,-0.4853022259427774,0.0638638995718985,-0.6891417763855754,-0.0476731294622796,2.895337410977217,-1.5899685531481431,-0.0476731294622796,1
-1.6730515366642718,-1.2573529464101472,-0.9362630557057584,-1.0137652258317402,-1.3656360142612896,-0.3110587295012137,-0.6891417763855754,-0.0476731294622796,2.895337410977217,-1.5899685531481431,-0.0476731294622796,1
0.7024802711352962,-0.3840337673571653,-0.2743961615262741,1.3689557211359913,-0.8495131530929595,0.5517830848944444,-0.6891417763855754,-0.0476731294622796,2.895337410977217,-1.5899685531481431,-0.0476731294622796,1
-0.1243651541183586,-0.7692240658723253,0.0064923491534021,1.0238670419293905,-0.342102170669374,-0.032927180418251,-0.6891417763855754,-0.0476731294622796,2.895337410977217,-1.5899685531481431,-0.0476731294622796,1
0.3241459535194967,-0.5905677138003012,0.1076124772924558,0.7305887432271345,-0.9346377839602986,0.2428770689844203,-0.6891417763855754,-0.0476731294622796,2.895337410977217,-1.5899685531481431,-0.0476731294622796,1
0.4184711133107368,1.4699804921943178,1.5475242181803854,-0.1299286616394633,1.4335130787640509,0.28693195656903,1.4510802192907537,-0.0476731294622796,2.895337410977217,-1.5899685531481431,-0.0476731294622796,0
0.8932491220616573,-0.019039656788148,-1.066254167205004,0.3413240027028852,-0.9478516471943824,0.9750156792212892,-0.6891417763855754,-0.0476731294622796,2.895337410977217,-1.5899685531481431,-0.0476731294622796,1
0.2318427961995191,0.4059591027775709,1.5475242181803854,-1.9421190004157407,1.5682368054869953,0.3650923169882799,1.4510802192907537,-0.0476731294622796,2.895337410977217,-1.5899685531481431,-0.0476731294622796,0
0.6979798435261751,-1.226522724796257,-0.471198498310092,1.559286734245588,-0.5766993786070213,1.2093188651504967,1.4510802192907537,-0.0476731294622796,2.895337410977217,-1.5899685531481431,-0.0476731294622796,1
1.0267589856024972,0.71114635465928,0.8034645188394296,-0.0482223043304326,0.9261430941241208,0.8180597015394929,1.4510802192907537,-0.0476731294622796,2.895337410977217,-1.5899685531481431,-0.0476731294622796,0
0.5696566958543567,-0.7530160609830204,-1.14468417096931,-0.6488745223613163,-1.0656105629308454,0.0082320325904858,-0.6891417763855754,-0.0476731294622796,2.895337410977217,-1.5899685531481431,-0.0476731294622796,1
0.29246728365143,-0.864627951240317,-0.5170918141975024,1.4014368279878384,-0.4060415585312708,0.0958478235484947,-0.6891417763855754,-0.0476731294622796,2.895337410977217,-1.5899685531481431,-0.0476731294622796,1
-5.064301806599335,-2.220984056786486,0.4034944670798654,1.559286734245588,-2.391666009014384,-0.269264439972552,-0.6891417763855754,-0.0476731294622796,2.895337410977217,-1.5899685531481431,-0.0476731294622796,1
-0.5867494148976333,-0.9866398528076809,0.1473749819472594,1.5307915090015198,-0.2511490371170152,0.7406689675630138,-0.6891417763855754,-0.0476731294622796,2.895337410977217,-1.5899685531481431,-0.0476731294622796,1
-1.915916406797772,0.1990333208483002,0.701456962723917,-1.0662008015073865,1.2670206319869997,0.4618202544710018,1.4510802192907537,-0.0476731294622796,-0.3453828891267239,0.6289432567832843,-0.0476731294622796,0
-0.6699024277612778,0.5478915865205526,0.8413307008346809,-0.5149229456966775,1.062230760664943,0.8251432971004943,1.4510802192907537,-0.0476731294622796,-0.3453828891267239,0.6289432567832843,-0.0476731294622796,0
-2.1923114145040263,0.5470479401825926,0.2452095728498835,-1.1518219644849417,0.9926758429957834,0.4363023304954658,-0.6891417763855754,-0.0476731294622796,-0.3453828891267239,0.6289432567832843,-0.0476731294622796,0
-0.8889985696634117,0.731883358219719,1.5475242181803854,0.0040459855084343,1.5682368054869953,-2.412255320197909,1.4510802192907537,-0.0476731294622796,-0.3453828891267239,0.6289432567832843,-0.0476731294622796,0
-0.4826382019901587,-0.9998103657118008,-0.8824959640047925,0.3508073473757759,-0.8299994359413811,-0.5670254911503423,-0.6891417763855754,-0.0476731294622796,-0.3453828891267239,0.6289432567832843,-0.0476731294622796,1
-1.1260294833766968,-0.2249226070466841,0.5631749749665942,-1.0375454739683414,0.8858468030295686,-0.7458467378861957,-0.6891417763855754,-0.0476731294622796,-0.3453828891267239,0.6289432567832843,-0.0476731294622796,0
-0.5472776596005045,0.7283877283682497,1.1430842674455983,0.5021883089520908,1.209137522843586,0.2963217446837305,1.4510802192907537,-0.0476731294622796,-0.3453828891267239,0.6289432567832843,-0.0476731294622796,0
1.0343159492117582,0.7621146840978286,0.926213415931084,0.5363548615213634,0.996048704482236,0.2265931649338295,1.4510802192907537,-0.0476731294622796,-0.3453828891267239,0.6289432567832843,-0.0476731294622796,0
-0.4003941880476351,-0.3115825428299367,-0.7522095056686149,-0.0625881512765441,0.1822520899911802,-0.1173602669031709,-0.6891417763855754,-0.0476731294622796,-0.3453828891267239,0.6289432567832843,-0.0476731294622796,1
-0.0161027240227396,1.4541752349982855,1.4018263461671572,0.2631986729831202,1.5682368054869953,-0.4386874276841308,1.4510802192907537,-0.0476731294622796,-0.3453828891267239,0.6289432567832843,-0.0476731294622796,0
-0.3819143635263577,-1.062274217962665,-0.7665418345783874,0.1740294382846869,-0.9647905414072184,0.2051584303645361,-0.6891417763855754,-0.0476731294622796,-0.3453828891267239,0.6289432567832843,-0.0476731294622796,1
-1.1191524036437448,1.087856708812023,1.4789644634409334,0.1488367578729362,1.5682368054869953,1.1248091692173474,1.4510802192907537,-0.0476731294622796,-0.3453828891267239,0.6289432567832843,-0.0476731294622796,0
-1.5938372405908674,-1.056107513731996,-1.0125461173288373,-0.4510268617213541,-1.3523487346499494,-1.097579857432939,-0.6891417763855754,-0.0476731294622796,-0.3453828891267239,0.6289432567832843,-0.0476731294622796,1
-2.727151152299643,0.6289159195777295,1.432259322082773,-1.4956247309453397,1.3730501951521386,0.2934442797156866,1.4510802192907537,-0.0476731294622796,-0.3453828891267239,0.6289432567832843,-0.0476731294622796,0
0.5730588784814329,0.7899890026998091,-0.5398195611855461,1.2018009267972694,0.2530672239026596,0.8903431062390504,-0.6891417763855754,-0.0476731294622796,-0.3453828891267239,0.6289432567832843,-0.0476731294622796,1
-2.3945814721469905,-1.4635363762503228,-0.7595792778822816,-1.4375886437689285,-0.928138774585766,-1.4390324440546316,-0.6891417763855754,-0.0476731294622796,-0.3453828891267239,0.6289432567832843,-0.0476731294622796,1
0.90444967048452,-3.101607053924556,-2.824580460596517,0.6309787222989307,-2.672682577495816,-0.2721785273022113,-0.6891417763855754,-0.0476731294622796,-0.3453828891267239,0.6289432567832843,-0.0476731294622796,1
-3.5096323711273376,-0.9179901419646196,1.4780454376620626,-1.906092981504127,1.222306343042904,-1.5532281656217322,1.4510802192907537,-0.0476731294622796,-0.3453828891267239,0.6289432567832843,-0.0476731294622796,0
-1.4408763771534563,1.5869604422371972,-0.9385021174962316,1.166530133340517,-0.2909880907395229,1.3392928352347528,-0.6891417763855754,-0.0476731294622796,-0.3453828891267239,0.6289432567832843,-0.0476731294622796,1
-1.408049380663271,0.5670960873165451,-0.7157699420811289,-1.1729347873560247,-0.7902129445877466,0.0061719462822086,-0.6891417763855754,-0.0476731294622796,-0.3453828891267239,0.6289432567832843,-0.0476731294622796,1
0.8086054373215711,-0.1289806466984454,-0.7623580545444536,0.474027778903599,-0.3719413590783071,-0.3407136993369951,-0.6891417763855754,-0.0476731294622796,-0.3453828891267239,0.6289432567832843,-0.0476731294622796,1
-0.177538971997015,-1.6386430772434286,-1.5458568722135602,-0.1485147795202737,-1.0149435302792742,-0.5139890891115227,-0.6891417763855754,-0.0476731294622796,-0.3453828891267239,0.6289432567832843,-0.0476731294622796,1
-0.7318042874069418,-0.6968077125622679,-0.5751764001885156,-0.769460648347632,-0.944520702781962,-0.0627132306893355,-0.6891417763855754,-0.0476731294622796,-0.3453828891267239,0.6289432567832843,-0.0476731294622796,1
-0.1933232211768397,-1.1568746616196337,-0.0234290954236551,-1.638447953083842,0.2539629588651373,-0.7173619800383795,-0.6891417763855754,-0.0476731294622796,-0.3453828891267239,0.6289432567832843,-0.0476731294622796,1
-0.587277170151463,-1.285850448043214,-1.0180237437356745,-0.220805470423381,-0.3159990860135478,-0.3983913281956401,-0.6891417763855754,-0.0476731294622796,-0.3453828891267239,0.6289432567832843,-0.0476731294622796,1
-0.1836917161504925,0.6075805188518288,0.5278968575074767,0.0899916801188964,0.9821768379239404,1.116595151037425,1.4510802192907537,-0.0476731294622796,-0.3453828891267239,0.6289432567832843,-0.0476731294622796,0
0.3078025041065376,-0.3805210856157443,-0.9362630557057584,-0.1709814976833989,-0.8164409643495497,-0.4351018595879286,-0.6891417763855754,-0.0476731294622796,-0.3453828891267239,0.6289432567832843,-0.0476731294622796,1
-0.3905959005797525,-1.2627687465690518,-1.99311460615048,0.0046020417760359,-0.7409750156185451,-0.6491188004034737,-0.6891417763855754,-0.0476731294622796,-0.3453828891267239,0.6289432567832843,-0.0476731294622796,1
0.8936820992814655,-0.9801209105973556,-0.5931781156879398,0.2795962375686471,-1.284120048975092,-0.2577129155257648,-0.6891417763855754,-0.0476731294622796,-0.3453828891267239,0.6289432567832843,-0.0476731294622796,1
0.0099509768406069,-2.2094109008860925,-1.7644032773905602,-0.2311486624905734,-1.8146412695493204,-0.7645151758654278,-0.6891417763855754,-0.0476731294622796,-0.3453828891267239,0.6289432567832843,-0.0476731294622796,1
1.2388189557611358,0.179275314745074,0.0791268488713414,-0.0488158246632464,-0.3056405463127538,0.8532261393487107,1.4510802192907537,-0.0476731294622796,-0.3453828891267239,0.6289432567832843,-0.0476731294622796,0
0.8210471865557006,-0.5371199714503129,-0.7939646354717167,1.400841491052472,-0.1181476461643645,0.0204825610788001,-0.6891417763855754,-0.0476731294622796,-0.3453828891267239,0.6289432567832843,-0.0476731294622796,1
-0.3141738321209361,0.1433824791344788,-0.9492118331538554,-0.4073619804120996,-0.4700875888241864,1.4099490715612284,-0.6891417763855754,-0.0476731294622796,-0.3453828891267239,0.6289432567832843,-0.0476731294622796,1
0.6222687375157966,0.6278291295101326,0.4521769882952927,0.0303154661467741,0.4698545957612436,1.1186565621615083,1.4510802192907537,-0.0476731294622796,-0.3453828891267239,0.6289432567832843,-0.0476731294622796,0
0.0239267705375691,-0.3635762047807264,-0.93402936659421,0.0238274903779371,-0.6156463612052939,-0.0924819411755591,-0.6891417763855754,-0.0476731294622796,-0.3453828891267239,0.6289432567832843,-0.0476731294622796,1
-0.0324565803424071,-0.7930488186045046,-1.2702869171234386,-0.7176972033395719,-0.3618285941012719,-1.911322009785516,-0.6891417763855754,-0.0476731294622796,-0.3453828891267239,0.6289432567832843,-0.0476731294622796,1
-0.4618559193120569,0.9403698220523176,1.0179423882309186,1.1012837594968223,1.001841759576502,0.4933180725385903,1.4510802192907537,-0.0476731294622796,-0.3453828891267239,0.6289432567832843,-0.0476731294622796,0
1.2388189557611358,-0.0379581082216941,-0.5039979236694279,-0.2731108425517578,-1.3141717495510483,0.3826912955807574,-0.6891417763855754,-0.0476731294622796,-0.3453828891267239,0.6289432567832843,-0.0476731294622796,1
-0.4425365620186562,0.0042496701430177,-0.8118902016726849,-1.3240318716890829,-1.517820178011329,0.2956033464889602,-0.6891417763855754,-0.0476731294622796,-0.3453828891267239,0.6289432567832843,-0.0476731294622796,1
-0.2856209610639716,0.4412226940400084,0.7683921644048359,-1.9482821630311853,-0.0422830108649613,-1.1658230370678446,1.4510802192907537,-0.0476731294622796,-0.3453828891267239,0.6289432567832843,-0.0476731294622796,0
1.056087657930296,-1.2099223877777736,-0.6995877581478908,0.7982653866555875,-0.223666105041595,-0.8379316274371363,-0.6891417763855754,-0.0476731294622796,-0.3453828891267239,0.6289432567832843,-0.0476731294622796,1
0.7357963514882051,0.3269100432835172,-0.9629184291107856,1.559286734245588,-0.7553253758773337,-0.2958807543438454,-0.6891417763855754,-0.0476731294622796,-0.3453828891267239,0.6289432567832843,-0.0476731294622796,1
1.1930117130680815,0.7954953710018204,0.5780198916913063,0.454801689411105,0.4022322557052188,1.0599411987089375,-0.6891417763855754,-0.0476731294622796,-0.3453828891267239,0.6289432567832843,-0.0476731294622796,1
-0.8370635476258029,-0.8524447682366227,-0.2577945641090821,0.8239505119014634,-0.4700875888241864,-0.6059137579278383,-0.6891417763855754,-0.0476731294622796,-0.3453828891267239,0.6289432567832843,-0.0476731294622796,1
0.3844212580984545,1.5869604422371972,1.1346005181871652,0.7452080874793934,-0.6739755573868057,1.4099490715612284,-0.6891417763855754,-0.0476731294622796,-0.3453828891267239,0.6289432567832843,-0.0476731294622796,1
0.4433656636362475,-1.2328216687404443,-0.9646460315068978,0.468401788086049,-0.9028269324825964,0.2618408770559884,-0.6891417763855754,-0.0476731294622796,-0.3453828891267239,0.6289432567832843,-0.0476731294622796,1
-1.121437162439302,0.0959647049211209,-0.4333062974979053,0.2385879162145034,-0.540134967030903,0.1823071390082132,-0.6891417763855754,-0.0476731294622796,-0.3453828891267239,0.6289432567832843,-0.0476731294622796,1
0.8484209862259615,-0.5223013534731411,-0.9885836747972944,0.2448110231528882,-0.7927845742538068,0.1773244920800002,-0.6891417763855754,-0.0476731294622796,-0.3453828891267239,0.6289432567832843,-0.0476731294622796,1
0.3237932091097085,-1.3140629217293165,-1.2623169241699237,0.1185005107412819,-0.8785432710460583,-0.5120176904971575,-0.6891417763855754,-0.0476731294622796,-0.3453828891267239,0.6289432567832843,-0.0476731294622796,1
0.2949733491987257,-0.7408762130016787,-1.0824665151666442,0.5947660385674132,-0.8031831489725693,-0.0948183076485304,-0.6891417763855754,-0.0476731294622796,-0.3453828891267239,0.6289432567832843,-0.0476731294622796,1
-0.4158720245215934,-0.992380008919835,-1.146084005053531,1.0810668610560037,-0.6156463612052939,0.2091713237403606,-0.6891417763855754,-0.0476731294622796,-0.3453828891267239,0.6289432567832843,-0.0476731294622796,1
-0.5788811066528625,-0.1672843880389345,-0.6298584476844742,-0.3792089970239655,-1.320367690755389,0.6917766338949223,-0.6891417763855754,-0.0476731294622796,-0.3453828891267239,0.6289432567832843,-0.0476731294622796,1
-1.7042689518851444,0.2357577340618143,-0.2181875057598531,-0.637746860435347,-1.1721857108889024,-0.1307066835747611,-0.6891417763855754,-0.0476731294622796,-0.3453828891267239,0.6289432567832843,-0.0476731294622796,1
0.9326607201575514,0.6986617747130976,-0.1576408457239994,1.4448849857731518,-0.4883921706784608,0.049337100595141,-0.6891417763855754,-0.0476731294622796,-0.3453828891267239,0.6289432567832843,-0.0476731294622796,1
0.486054462368756,-1.2947896707028623,-0.3266356606572032,-0.0288760582144032,-1.0535313041099827,-0.4262075048816085,-0.6891417763855754,-0.0476731294622796,-0.3453828891267239,0.6289432567832843,-0.0476731294622796,1
0.3107571943805529,-0.8872452130704812,-1.192763909115642,0.5680304288480106,-0.0220621425477404,-0.7808702972573317,-0.6891417763855754,-0.0476731294622796,-0.3453828891267239,0.6289432567832843,-0.0476731294622796,1
-0.2102408616769792,1.2600845297258845,0.6696361136401258,0.4873116421647523,0.8087569700805955,0.8453023853915446,1.4510802192907537,-0.0476731294622796,-0.3453828891267239,0.6289432567832843,-0.0476731294622796,0
0.4374052631259907,-0.6581432803775902,-1.0785497233127586,1.25721707814878,-1.5535264861415858,-0.028607099160355,-0.6891417763855754,-0.0476731294622796,-0.3453828891267239,0.6289432567832843,-0.0476731294622796,1
0.4318155378775393,-1.1233660006358075,-1.9131321720354852,1.064401940950244,-1.4679660659141185,-0.9090054704416778,-0.6891417763855754,-0.0476731294622796,-0.3453828891267239,0.6289432567832843,-0.0476731294622796,1
0.3114759368642796,-1.6878340231798694,-1.4724227522085092,0.0809362565457191,-0.3706678698308878,-0.575505709254056,-0.6891417763855754,-0.0476731294622796,-0.3453828891267239,0.6289432567832843,-0.0476731294622796,1
-0.2208734877472067,-1.2498211596483446,-1.2113600027583644,0.7319493232527304,-1.0377961071565365,0.2203016850615684,-0.6891417763855754,-0.0476731294622796,-0.3453828891267239,0.6289432567832843,-0.0476731294622796,1
1.0289229384842429,-0.1533066689554533,-0.707425040563782,1.559286734245588,-1.339350331949955,0.7239991385675217,-0.6891417763855754,-0.0476731294622796,-0.3453828891267239,0.6289432567832843,-0.0476731294622796,1
1.0127727823885786,0.360614605826306,0.104327625652072,-1.5244438376255058,-2.6156963373832824,-0.6538052063474932,-0.6891417763855754,-0.0476731294622796,-0.3453828891267239,0.6289432567832843,-0.0476731294622796,1
0.9880592440436496,1.1767645842649457,0.0107471567135998,-1.9670579520558176,-0.1926495966381004,-0.7863970304221052,-0.6891417763855754,-0.0476731294622796,-0.3453828891267239,0.6289432567832843,-0.0476731294622796,1
0.7474714527248444,0.3315563566065129,-0.2594144418216528,0.885844169238081,0.0276499329706751,-0.0593484680164994,-0.6891417763855754,-0.0476731294622796,-0.3453828891267239,0.6289432567832843,-0.0476731294622796,1
0.0809843099322776,-1.1102793889738225,-1.2662933910904997,0.2886516611418244,-0.2306709062145688,-0.5691371475305572,-0.6891417763855754,-0.0476731294622796,-0.3453828891267239,0.6289432567832843,-0.0476731294622796,1
0.9733408210612632,0.4117965919807784,0.0923682128374044,1.5493484602944172,0.1339316250629497,0.1764910306085131,-0.6891417763855754,-0.0476731294622796,-0.3453828891267239,0.6289432567832843,-0.0476731294622796,1
0.1273368214346877,1.326884564417777,1.3144810422354558,0.549230803669684,1.3153336034107517,-0.2649130819551253,1.4510802192907537,-0.0476731294622796,-0.3453828891267239,0.6289432567832843,-0.0476731294622796,0
0.2065552756244176,0.1633749982797314,0.3183172706973156,0.1033878855841171,0.6814562725166944,-0.6444596411595874,1.4510802192907537,-0.0476731294622796,-0.3453828891267239,0.6289432567832843,-0.0476731294622796,0
0.2432759005767294,0.0997160520787102,0.2726157002213288,0.3914710460503668,0.5311633512280921,1.4099490715612284,-0.6891417763855754,-0.0476731294622796,-0.3453828891267239,0.6289432567832843,-0.0476731294622796,1
0.0553385643109373,-0.4350559702966716,0.0024219907199005,-0.0341066735766833,0.4521282754207987,0.7197769310522489,-0.6891417763855754,-0.0476731294622796,-0.3453828891267239,0.6289432567832843,-0.0476731294622796,1
-0.7301790390313769,0.0027733849478123,-0.3045355042134327,0.0468395579969046,-0.7825637616816264,1.3894719452451565,-0.6891417763855754,-0.0476731294622796,-0.3453828891267239,0.6289432567832843,-0.0476731294622796,1
-2.8554014174982485,0.0919292752400219,0.9329183504061216,-2.1752715051373475,0.7318180909659501,-2.007122281648708,-0.6891417763855754,-0.0476731294622796,-0.3453828891267239,0.6289432567832843,-0.0476731294622796,0
-0.1421466481073171,0.3820521633393984,0.3505825806968291,1.559286734245588,0.0263416108389515,0.9218788096070384,-0.6891417763855754,-0.0476731294622796,-0.3453828891267239,0.6289432567832843,-0.0476731294622796,1
-0.0174894066493817,-0.4854812474496006,-0.2667389780062096,1.1067240157791756,0.1570029736132079,-0.7808702972573317,-0.6891417763855754,-0.0476731294622796,-0.3453828891267239,0.6289432567832843,-0.0476731294622796,1
0.1709489044798577,0.5944865369961577,0.5870975442780382,0.1252342751142759,0.8367563869985444,0.712120441607343,1.4510802192907537,-0.0476731294622796,-0.3453828891267239,0.6289432567832843,-0.0476731294622796,0
-0.2297821458235892,1.1709179456705303,0.8135885780649595,-0.4336593690235249,1.2206204835692445,0.2035476295556628,1.4510802192907537,-0.0476731294622796,-0.3453828891267239,0.6289432567832843,-0.0476731294622796,0
-0.1308774323149194,0.5023144767131511,0.8260486552935118,-1.1178119963100372,0.8273966786729139,0.2580838465805073,-0.6891417763855754,-0.0476731294622796,-0.3453828891267239,0.6289432567832843,-0.0476731294622796,0
-1.53725517967562,0.9249297951022568,1.3114368784308008,-1.9299315229571772,1.2216857898210058,0.0061719462822086,1.4510802192907537,-0.0476731294622796,-0.3453828891267239,0.6289432567832843,-0.0476731294622796,0
0.2553024819906719,0.1387691287797312,-0.6667870687169727,-0.670319639111089,0.3546363570468848,0.5449673089549879,-0.6891417763855754,-0.0476731294622796,-0.3453828891267239,0.6289432567832843,-0.0476731294622796,1
-0.219322346672697,0.4602335814456418,0.9930153477019584,-3.2588646933871965,1.2285643954960863,0.4745683243941702,-0.6891417763855754,-0.0476731294622796,-0.3453828891267239,0.6289432567832843,-0.0476731294622796,0
0.7077614194744762,0.3796488651704571,0.6400880100159957,-0.2754633898588964,0.8152684134198588,0.6727007015268921,1.4510802192907537,-0.0476731294622796,-0.3453828891267239,0.6289432567832843,-0.0476731294622796,0
1.0091465141617646,-0.8432301626178346,-0.0809524100832538,-0.4510268617213541,0.0494642635962683,0.367066954043068,-0.6891417763855754,-0.0476731294622796,-0.3453828891267239,0.6289432567832843,-0.0476731294622796,1
0.7277839016508229,0.1135242459712449,0.0213997922327571,-0.2537673950302302,0.4335289751121525,-0.1137585838400452,1.4510802192907537,-0.0476731294622796,-0.3453828891267239,0.6289432567832843,-0.0476731294622796,0
0.7043942739913088,-0.1249286771744023,0.9202211141426384,-0.4092123281981298,0.7788238302949574,-0.9025687038470716,1.4510802192907537,-0.0476731294622796,-0.3453828891267239,0.6289432567832843,-0.0476731294622796,0
0.4197005380898405,-0.3002171769688154,-0.5235290318701133,1.559286734245588,-1.244434197745517,0.717232887224863,-0.6891417763855754,-0.0476731294622796,-0.3453828891267239,0.6289432567832843,-0.0476731294622796,1
0.5270463685090336,1.0179480709628317,1.0666597348961362,0.626862131971509,1.0525408195990866,0.7206231540797716,-0.6891417763855754,-0.0476731294622796,-0.3453828891267239,0.6289432567832843,-0.0476731294622796,0
1.1203310814494551,1.5813262161722477,0.1641544533595626,1.559286734245588,-0.410104335039902,0.3300687576171431,-0.6891417763855754,-0.0476731294622796,-0.3453828891267239,0.6289432567832843,-0.0476731294622796,1
-0.4817313499674858,0.5821911235198362,0.0706358551524944,0.3376468095604795,-0.0157051697520022,-0.7097659693024263,-0.6891417763855754,-0.0476731294622796,-0.3453828891267239,0.6289432567832843,-0.0476731294622796,1
0.2352204486852402,-0.6103517827608242,-0.223372088866954,-2.761972960471006,-1.393130650303112,0.9433019674038572,-0.6891417763855754,-0.0476731294622796,-0.3453828891267239,0.6289432567832843,-0.0476731294622796,1
-0.4704950507233945,0.2473143800782012,1.1978616931082526,-0.748075450418284,-0.7675528567315035,0.7956554871869176,-0.6891417763855754,-0.0476731294622796,-0.3453828891267239,0.6289432567832843,-0.0476731294622796,1
0.2292582122570267,0.5035509509962323,0.1168570988878366,1.559286734245588,0.2724699079515108,0.5327647679543179,-0.6891417763855754,-0.0476731294622796,-0.3453828891267239,0.6289432567832843,-0.0476731294622796,1
0.8549592264455147,-1.0081334783191809,0.0405859129181115,-1.362143326240243,0.2508219979235886,-0.5339744922722757,-0.6891417763855754,-0.0476731294622796,-0.3453828891267239,0.6289432567832843,-0.0476731294622796,1
-0.7785890006918673,-0.018435471800261,-1.0371417222058597,0.049999218834205,-0.5350893423566166,0.5061314022051943,-0.6891417763855754,-0.0476731294622796,-0.3453828891267239,0.6289432567832843,-0.0476731294622796,1
0.6941931949946277,0.1738388645035533,0.5242943844754193,-0.6028962615676752,0.5971911984938222,0.0676936470404249,-0.6891417763855754,-0.0476731294622796,-0.3453828891267239,0.6289432567832843,-0.0476731294622796,1
1.0905505181995343,1.26493631295047,1.171747430956852,1.559286734245588,-0.9346377839602986,0.8420381318655612,-0.6891417763855754,-0.0476731294622796,-0.3453828891267239,0.6289432567832843,-0.0476731294622796,1
1.2388189557611358,-0.8058624197742978,-1.660220065387617,0.9199696421725876,-1.332955586761862,0.892052156007301,-0.6891417763855754,-0.0476731294622796,-0.3453828891267239,0.6289432567832843,-0.0476731294622796,1
0.5968439060384438,1.508844124732904,1.5475242181803854,-0.9700491299312912,1.5682368054869953,0.709123049959971,1.4510802192907537,-0.0476731294622796,-0.3453828891267239,0.6289432567832843,-0.0476731294622796,0
0.3585404592905637,-0.489885585478118,-0.6630275817066121,-0.2699846979689027,-0.982223349914194,0.8127998496250386,-0.6891417763855754,-0.0476731294622796,-0.3453828891267239,0.6289432567832843,-0.0476731294622796,1
-0.5433031581773905,-0.6396588995735585,-0.5538015634276517,-2.5038815041093234,-0.360576440815088,-2.145633868020987,-0.6891417763855754,-0.0476731294622796,-0.3453828891267239,0.6289432567832843,-0.0476731294622796,1
