Fresh,Milk,Grocery,Frozen,Detergents_Paper,Delicassen,Channel_2,Channel_Channel,Region_2,Region_3,Region_Region
0.22690754812158803,0.09784218799870296,0.04087952260059231,0.042076849021687575,-0.039717686163818496,0.18106437866724134,-0.6891417763855754,20.976176963403038,-0.3453828891267239,-1.5899685531481431,20.976176963403038
0.5021559402017919,1.0495624630081941,0.47246186110943295,-1.5467512636248069,0.6690686423506251,0.4423096534738251,1.4510802192907537,-0.04767312946227963,-0.3453828891267239,0.6289432567832843,-0.04767312946227963
0.09812184792987567,1.0649427485396645,0.6915867322042981,0.1585484241776238,0.7935240907535549,0.6691010407519071,1.4510802192907537,-0.04767312946227963,-0.3453828891267239,0.6289432567832843,-0.04767312946227963
0.025558933235502047,0.9602145230024608,0.48748145726320435,0.4105574246797273,0.8326901567003294,1.4099490715612284,1.4510802192907537,-0.04767312946227963,-0.3453828891267239,0.6289432567832843,-0.04767312946227963
0.5338995265897802,-0.9801209105973556,-0.07008544092488551,1.2040817500049763,-0.3241816591360227,0.6744944865681851,-0.6891417763855754,-0.04767312946227963,-0.3453828891267239,0.6289432567832843,-0.04767312946227963
0.902285118557249,0.4864549201899401,0.4266680763619004,0.8053327223506158,0.4248490474824524,1.4099490715612284,1.4510802192907537,-0.04767312946227963,-0.3453828891267239,0.6289432567832843,-0.04767312946227963
0.29703036093763063,0.8976583679017163,0.11070422993233207,-0.6291964211445628,0.4308716241795656,0.5072359828522989,1.4510802192907537,-0.04767312946227963,-0.3453828891267239,0.6289432567832843,-0.04767312946227963
0.4719072631166315,-0.024190446909437932,0.39737629724000506,-0.8941516315301024,0.7650869814726989,-0.27656962394697615,1.4510802192907537,-0.04767312946227963,-0.3453828891267239,0.6289432567832843,-0.04767312946227963
0.1473948726422096,0.4012637411156644,0.6776691948370969,0.11462737563635651,0.7985849684049673,0.9638551766836632,1.4510802192907537,-0.04767312946227963,-0.3453828891267239,0.6289432567832843,-0.04767312946227963
-0.0181837935515552,0.10345297886567806,0.28654825786569804,-0.9925631326164072,0.4039759226617138,-0.021102546754738993,-0.6891417763855754,-0.04767312946227963,-0.3453828891267239,0.6289432567832843,-0.04767312946227963
-0.013222714359931123,1.184418180147253,1.3242940553837679,-0.18070426013104737,1.2795502860744108,0.802557308023997,1.4510802192907537,-0.04767312946227963,-0.3453828891267239,0.6289432567832843,-0.04767312946227963
-0.41299465487528575,0.4851964946236345,0.9750385999807123,0.8999619569701467,1.1498643582341983,0.6545384933807263,1.4510802192907537,-0.04767312946227963,-0.3453828891267239,0.6289432567832843,-0.04767312946227963
0.527676976009846,-1.0404275993813779,-0.005772511937193317,-0.01623045164902624,-0.2766861417171989,-0.35031109707270164,1.4510802192907537,-0.04767312946227963,-0.3453828891267239,0.6289432567832843,-0.04767312946227963
1.135788254528312,1.2863167749788713,0.8833547643095325,-1.3098379541118663,0.8917283707974132,1.070395236089732,1.4510802192907537,-0.04767312946227963,-0.3453828891267239,0.6289432567832843,-0.04767312946227963
0.8582215516549206,0.6201873885326874,1.1089859606675612,0.6149091128066615,1.2187516180917106,-0.19699469753693405,1.4510802192907537,-0.04767312946227963,-0.3453828891267239,0.6289432567832843,-0.04767312946227963
0.9618683636987947,1.0301425294144102,0.909429180885451,-1.2903750501853415,1.0500640505996064,0.8288465067061657,1.4510802192907537,-0.04767312946227963,-0.3453828891267239,0.6289432567832843,-0.04767312946227963
0.35605313555082446,-1.0491074214568634,-0.16274162281833382,-1.0476636076126584,0.05946078444837785,-0.5002900695003814,-0.6891417763855754,-0.04767312946227963,-0.3453828891267239,0.6289432567832843,-0.04767312946227963
-1.2370074008072807,0.961096977268633,0.9117358381091131,-1.9239058299338252,0.9812493428173087,0.2707865304982862,1.4510802192907537,-0.04767312946227963,-0.3453828891267239,0.6289432567832843,-0.04767312946227963
-0.028331664918779354,0.6121694221091514,-0.4088754749747999,-0.4422965944126135,-0.5120902385883802,1.4099490715612284,-0.6891417763855754,-0.04767312946227963,-0.3453828891267239,0.6289432567832843,-0.04767312946227963
0.7673561155499397,0.6386427406118251,0.7418610175274547,0.34022259554142986,0.6895023696085443,1.1359677095778962,1.4510802192907537,-0.04767312946227963,-0.3453828891267239,0.6289432567832843,-0.04767312946227963
0.16546817955240298,-0.26572808611808085,0.6814140443340663,-0.6255593829767833,0.6331422172707515,-0.3439000778196641,-0.6891417763855754,-0.04767312946227963,-0.3453828891267239,0.6289432567832843,-0.04767312946227963
0.727036555204488,0.3115467691408581,0.010342773783439466,-0.24843294808199629,0.5682714280584337,0.8124228215622857,1.4510802192907537,-0.04767312946227963,-0.3453828891267239,0.6289432567832843,-0.04767312946227963
-0.0656295757207106,-1.2880775592445948,-0.7605046154242701,0.6869967788078581,-0.504086063153591,-0.2420966473062567,-0.6891417763855754,-0.04767312946227963,-0.3453828891267239,0.6289432567832843,-0.04767312946227963
1.1261847006061134,-0.5217943737410667,-0.016950772227691435,1.5157716468620406,0.5997065702122566,1.3837616424695471,-0.6891417763855754,-0.04767312946227963,-0.3453828891267239,0.6289432567832843,-0.04767312946227963
1.0084399171002978,1.5869604422371972,1.4674109083903855,1.028123047705878,0.9581332257258768,1.4099490715612284,1.4510802192907537,-0.04767312946227963,-0.3453828891267239,0.6289432567832843,-0.04767312946227963
0.9032615311851372,1.061567970504373,1.0319501934568653,0.5663645454696181,0.9777917092120256,1.4099490715612284,1.4510802192907537,-0.04767312946227963,-0.3453828891267239,0.6289432567832843,-0.04767312946227963
0.6704288385415043,0.24731438007820122,0.476637912799638,-1.597299421545304,0.910229507805965,-2.0733892010154635,1.4510802192907537,-0.04767312946227963,-0.3453828891267239,0.6289432567832843,-0.04767312946227963
0.3317215818873009,-1.1925897089768096,-0.4320043539421979,0.6294374502434728,-0.7650872739566293,0.06290359612253442,-0.6891417763855754,-0.04767312946227963,-0.3453828891267239,0.6289432567832843,-0.04767312946227963
0.58461860376122,-1.367005237801291,-0.37400195784757995,-0.8857704608895219,-1.2900107663351257,-0.31721133655705275,-0.6891417763855754,-0.04767312946227963,-0.3453828891267239,0.6289432567832843,-0.04767312946227963
-0.27462308031661214,1.5869604422371972,1.5475242181803854,-0.18140322695163472,1.3676549211410578,1.4099490715612284,1.4510802192907537,-0.04767312946227963,-0.3453828891267239,0.6289432567832843,-0.04767312946227963
1.2388189557611358,-0.4332034044873962,-0.517804866312482,-0.1525535851123854,0.14208126930411127,0.05323673423972123,-0.6891417763855754,-0.04767312946227963,-0.3453828891267239,0.6289432567832843,-0.04767312946227963
0.7752551535808129,0.09327628060202195,0.8304166703022476,-0.18842625164634685,0.5342518449384268,1.0790940800664695,-0.6891417763855754,-0.04767312946227963,-0.3453828891267239,0.6289432567832843,-0.04767312946227963
-0.5880695600445149,0.27204154772222283,-0.3474893971658311,0.296056659801297,-0.03716332107674429,0.19707185183113154,-0.6891417763855754,-0.04767312946227963,-0.3453828891267239,0.6289432567832843,-0.04767312946227963
0.8715978818522173,-0.8857700479706934,-0.4239082036689771,-1.3711987498134204,0.030258019878760388,-0.5139890891115227,-0.6891417763855754,-0.04767312946227963,-0.3453828891267239,0.6289432567832843,-0.04767312946227963
1.091154709799024,0.36733938041935044,0.44307409852099056,1.16864792511423,-0.5267734506457364,0.27300742743733913,-0.6891417763855754,-0.04767312946227963,-0.3453828891267239,0.6289432567832843,-0.04767312946227963
-0.9699782816538718,-0.49086704302157275,-0.6506044948765796,-0.9925631326164072,-0.353118094927368,-0.5339744922722757,-0.6891417763855754,-0.04767312946227963,-0.3453828891267239,0.6289432567832843,-0.04767312946227963
-1.508605299094306,0.5008994348123292,0.8290748473807786,-0.4481063108915196,0.9444710571365257,-0.45502402557109123,1.4510802192907537,-0.04767312946227963,-0.3453828891267239,0.6289432567832843,-0.04767312946227963
1.0963843800634803,0.2771798046866702,0.1639830030431032,0.14323453295126903,-0.007332995960840778,1.4099490715612284,-0.6891417763855754,-0.04767312946227963,-0.3453828891267239,0.6289432567832843,-0.04767312946227963
0.6264697839887673,1.1361855039051059,0.9386805369605423,0.22810869110903445,1.2005620203766003,-0.060468486553251245,1.4510802192907537,-0.04767312946227963,-0.3453828891267239,0.6289432567832843,-0.04767312946227963
-0.19871596827339696,1.5238535007604446,1.210537735508049,-3.0414496147620365,1.240543688577944,-0.4605444134122125,1.4510802192907537,-0.04767312946227963,-0.3453828891267239,0.6289432567832843,-0.04767312946227963
1.2388189557611358,-1.7255582264943778,-1.5058350970721577,1.559286734245588,-0.8438725171484749,1.0662849186536854,-0.6891417763855754,-0.04767312946227963,-0.3453828891267239,0.6289432567832843,-0.04767312946227963
0.9440499336967755,0.27047232443681984,0.04117303970552769,1.5245102200827823,0.16224317346285455,1.4099490715612284,-0.6891417763855754,-0.04767312946227963,-0.3453828891267239,0.6289432567832843,-0.04767312946227963
0.7883787525742373,-0.06577543506290123,0.2503807591451769,0.2744328406784582,0.6465207811729641,1.0343378431853592,-0.6891417763855754,-0.04767312946227963,-0.3453828891267239,0.6289432567832843,-0.04767312946227963
0.39513192635293015,0.811058141162016,1.1076803214952733,-1.6512112401426384,1.2356247794588904,-2.2419142915657693,1.4510802192907537,-0.04767312946227963,-0.3453828891267239,0.6289432567832843,-0.04767312946227963
-1.569330653280946,1.1845934182935982,1.5475242181803854,-0.494087557143691,1.4287015850531484,-1.8890602134748038,1.4510802192907537,-0.04767312946227963,-0.3453828891267239,0.6289432567832843,-0.04767312946227963
0.3156299555641892,0.7406369966838611,0.7755309224776655,-0.7973846935216745,0.9956604977968353,-1.969842390990837,1.4510802192907537,-0.04767312946227963,-0.3453828891267239,0.6289432567832843,-0.04767312946227963
-0.11524330340389687,1.5869604422371972,1.4465488086244074,0.1483713820472082,1.2737249336005139,1.4099490715612284,1.4510802192907537,-0.04767312946227963,-0.3453828891267239,0.6289432567832843,-0.04767312946227963
-0.4691588986470348,1.415436449197783,1.4647013864029679,0.11414192969297988,1.226280308474087,0.5077877027588406,1.4510802192907537,-0.04767312946227963,-0.3453828891267239,0.6289432567832843,-0.04767312946227963
1.2388189557611358,1.5869604422371972,1.5475242181803854,1.362008799238676,1.5682368054869953,1.4099490715612284,1.4510802192907537,-0.04767312946227963,-0.3453828891267239,0.6289432567832843,-0.04767312946227963
0.43644680673892394,0.6113797757216369,0.8101690150660269,-0.7355100517692694,1.0574637889867569,0.5209162934358652,1.4510802192907537,-0.04767312946227963,-0.3453828891267239,0.6289432567832843,-0.04767312946227963
-0.1443671249915923,1.5869604422371972,1.5475242181803854,0.17493094224664654,1.5682368054869953,0.33006875761714316,1.4510802192907537,-0.04767312946227963,-0.3453828891267239,0.6289432567832843,-0.04767312946227963
0.01636873293803341,-1.0658156922408022,-0.7744962038319023,0.7938692783583232,-0.21477886168004828,0.8266266351132714,-0.6891417763855754,-0.04767312946227963,-0.3453828891267239,0.6289432567832843,-0.04767312946227963
-0.41690256898388917,0.20529119686976566,0.40017436408615464,-1.4576008204906121,0.33853799678373764,-0.7511363487256941,-0.6891417763855754,-0.04767312946227963,-0.3453828891267239,0.6289432567832843,-0.04767312946227963
1.2388189557611358,0.17235090459945643,0.23779460167958277,-0.8109553692979548,0.6492995761466888,0.4055710675459714,1.4510802192907537,-0.04767312946227963,-0.3453828891267239,0.6289432567832843,-0.04767312946227963
-1.741162647213233,1.1285123063498246,0.8653687052091468,-0.5395651552897813,1.1120895049578499,-0.9870017903319914,1.4510802192907537,-0.04767312946227963,-0.3453828891267239,0.6289432567832843,-0.04767312946227963
1.0330284946333947,-0.7937190245009013,-0.790133809116502,0.4209329582194788,-0.8667615504127872,0.43931162104859206,-0.6891417763855754,-0.04767312946227963,-0.3453828891267239,0.6289432567832843,-0.04767312946227963
-0.10427013858246845,0.11273292837425783,0.08847133097748473,-0.25529799412205956,0.5026246034504597,0.30702114437444,-0.6891417763855754,-0.04767312946227963,-0.3453828891267239,0.6289432567832843,-0.04767312946227963
-0.27714555134007046,1.5869604422371972,1.5475242181803854,0.478686454185271,1.5682368054869953,0.44350573299825025,1.4510802192907537,-0.04767312946227963,-0.3453828891267239,0.6289432567832843,-0.04767312946227963
-0.08448841334425693,1.0770545724225533,0.7769521280828627,-2.9302546944152215,1.29127034096634,0.4080734056685033,1.4510802192907537,-0.04767312946227963,-0.3453828891267239,0.6289432567832843,-0.04767312946227963
0.5601506948795748,-0.4952959054162985,-0.945251798963018,-0.7190536086406828,-0.8031831489725693,-0.45502402557109123,-0.6891417763855754,-0.04767312946227963,-0.3453828891267239,0.6289432567832843,-0.04767312946227963
0.0016752484893140756,0.4774302210081531,0.5296349973488439,-1.9544925534068032,0.7543309681056952,0.5870195644352542,-0.6891417763855754,-0.04767312946227963,-0.3453828891267239,0.6289432567832843,-0.04767312946227963
0.23385529315344972,-0.0721375887539351,0.5078492213104824,-2.191811915524426,0.9238120854187,-0.9834480233879028,1.4510802192907537,-0.04767312946227963,-0.3453828891267239,0.6289432567832843,-0.04767312946227963
1.2222090718362182,1.5869604422371972,1.5475242181803854,0.6554976176190779,1.5682368054869953,0.7710199744747717,1.4510802192907537,-0.04767312946227963,-0.3453828891267239,0.6289432567832843,-0.04767312946227963
0.1692739452615121,0.6259632294858178,0.33800948347398385,0.8533452782590393,0.9207387797931232,0.17981968807386417,1.4510802192907537,-0.04767312946227963,-0.3453828891267239,0.6289432567832843,-0.04767312946227963
0.29578219184843235,1.2279435917660868,1.1569952575785456,0.5610665436038377,1.2995033492147587,0.416152458758948,1.4510802192907537,-0.04767312946227963,-0.3453828891267239,0.6289432567832843,-0.04767312946227963
-0.17375742071573183,-0.9552650064341955,-0.3133699725435455,0.7648069846906121,0.2132231624029772,0.31757957290158517,-0.6891417763855754,-0.04767312946227963,-0.3453828891267239,0.6289432567832843,-0.04767312946227963
-2.9456034985369146,1.5869604422371972,1.5475242181803854,-2.972919912360216,1.5682368054869953,0.4916315623420826,1.4510802192907537,-0.04767312946227963,-0.3453828891267239,0.6289432567832843,-0.04767312946227963
-4.431541008673109,-0.7383396594054261,0.45456436900873337,-1.7089664956941346,0.8244737826763281,-2.6569799693368794,-0.6891417763855754,-0.04767312946227963,-0.3453828891267239,0.6289432567832843,-0.04767312946227963
0.81442099871177,0.7028411414367702,1.009407740881993,-0.11561854386022369,1.0597938892687142,0.06386389957189854,1.4510802192907537,-0.04767312946227963,-0.3453828891267239,0.6289432567832843,-0.04767312946227963
-0.6333958022021071,0.7723435137149443,-0.12176443605266159,1.1335286973144878,-0.06093402328596956,1.1140109078027773,-0.6891417763855754,-0.04767312946227963,-0.3453828891267239,0.6289432567832843,-0.04767312946227963
0.21445421588052255,-0.1467370054425816,-1.1709281270942637,-0.502357547047663,-0.17039947665237928,-1.3390984268423725,-0.6891417763855754,-0.04767312946227963,-0.3453828891267239,0.6289432567832843,-0.04767312946227963
0.6931192812297408,-0.46279951372834605,-0.3272167402582119,1.559286734245588,-1.202087090162841,0.4583080218251,-0.6891417763855754,-0.04767312946227963,-0.3453828891267239,0.6289432567832843,-0.04767312946227963
0.7557509206571809,-0.924871179367209,1.4251641942141198,1.0618422205446385,0.935090879867444,1.4099490715612284,-0.6891417763855754,-0.04767312946227963,-0.3453828891267239,0.6289432567832843,-0.04767312946227963
-0.22492283643083102,0.43650587928312934,-0.4994407451544573,1.4682356233182003,0.2476644494086542,-1.1569679952282996,-0.6891417763855754,-0.04767312946227963,-0.3453828891267239,0.6289432567832843,-0.04767312946227963
0.8139353429915288,0.47233955270825645,0.604457543295864,1.397658953731334,-0.07940353739339359,-0.13808133499842418,1.4510802192907537,-0.04767312946227963,-0.3453828891267239,0.6289432567832843,-0.04767312946227963
0.20092960927961764,0.6410976247805615,0.7133168063670643,-0.09713319089801736,0.46515776897189665,0.6709028922869579,1.4510802192907537,-0.04767312946227963,-0.3453828891267239,0.6289432567832843,-0.04767312946227963
0.8310380454649922,-1.0292584646011054,-6.550723846284861,0.9012499953494805,-3.220535532622655,0.18890283988409295,-0.6891417763855754,-0.04767312946227963,-0.3453828891267239,0.6289432567832843,-0.04767312946227963
-1.4801343674849325,0.08706454308213285,0.3363011676730852,1.335333556197151,-0.2988332282758811,0.11947277871935387,-0.6891417763855754,-0.04767312946227963,-0.3453828891267239,0.6289432567832843,-0.04767312946227963
0.4763913005346621,1.3156951803219619,1.5475242181803854,-0.4138567648526538,1.5682368054869953,0.21634427883360005,1.4510802192907537,-0.04767312946227963,-0.3453828891267239,0.6289432567832843,-0.04767312946227963
0.3897652892831127,-0.9973272644531457,-0.7344863976536382,0.2991544255535907,-0.6351237504426755,-1.2211120706183185,-0.6891417763855754,-0.04767312946227963,-0.3453828891267239,0.6289432567832843,-0.04767312946227963
-0.9093169480219355,-0.0061317180632931186,-0.2040770186997883,-0.41478885463709103,0.19126587340294268,0.6116185839589214,-0.6891417763855754,-0.04767312946227963,-0.3453828891267239,0.6289432567832843,-0.04767312946227963
0.0930152374534641,-1.3360656938109343,-0.3850694665698219,-0.9831061760923064,-0.21379949540763146,-0.30040403897342083,-0.6891417763855754,-0.04767312946227963,-0.3453828891267239,0.6289432567832843,-0.04767312946227963
-2.2969668815177164,1.0378144817981498,1.0722993458698535,-1.321173131588383,1.3103837319998228,-1.2753795958945946,1.4510802192907537,-0.04767312946227963,-0.3453828891267239,0.6289432567832843,-0.04767312946227963
0.36335512734151304,1.005914618176088,0.8221674825755321,-0.5472161411033704,0.8362496179536898,0.8906852079017049,1.4510802192907537,-0.04767312946227963,-0.3453828891267239,0.6289432567832843,-0.04767312946227963
0.8469669502049586,-0.7201449528732085,-0.8720010446066846,0.3814075010461715,-0.27560003247098697,0.0020358177063028444,-0.6891417763855754,-0.04767312946227963,-0.3453828891267239,0.6289432567832843,-0.04767312946227963
0.456998825103324,0.013937326720511671,0.05225866135631168,-0.16753715770006938,0.8849128226642353,-1.4841014433034994,1.4510802192907537,-0.04767312946227963,-0.3453828891267239,0.6289432567832843,-0.04767312946227963
0.6683753585022122,1.5869604422371972,1.5475242181803854,-0.2793995412494077,1.5682368054869953,1.0739405373370863,1.4510802192907537,-0.04767312946227963,-0.3453828891267239,0.6289432567832843,-0.04767312946227963
0.9116865193911062,1.5869604422371972,1.5475242181803854,-0.3107757942326931,1.5682368054869953,0.12749103148657204,1.4510802192907537,-0.04767312946227963,-0.3453828891267239,0.6289432567832843,-0.04767312946227963
1.2388189557611358,0.41470224408186973,0.5385067138298361,1.1923561826826004,0.3542580571445924,1.4099490715612284,-0.6891417763855754,-0.04767312946227963,-0.3453828891267239,0.6289432567832843,-0.04767312946227963
0.17288326909486915,-1.748557910705537,-0.11041339705328886,1.5434596670058922,-0.9929323462045557,-2.2419142915657693,-0.6891417763855754,-0.04767312946227963,-0.3453828891267239,0.6289432567832843,-0.04767312946227963
0.9688634192402465,0.1522906908343712,0.14702581109148213,0.7012405896962356,-0.3900610177189752,1.1352118159837927,-0.6891417763855754,-0.04767312946227963,-0.3453828891267239,0.6289432567832843,-0.04767312946227963
0.4295790261854351,-1.6563920677944244,-0.9509141612550646,0.6783287605853824,-1.5092171090732054,-0.6081305591549983,-0.6891417763855754,-0.04767312946227963,-0.3453828891267239,0.6289432567832843,-0.04767312946227963
0.5067733226638661,-0.16693248446433384,-0.5464164434513654,1.4517187535985692,-0.1973911201042488,0.29775661191147296,-0.6891417763855754,-0.04767312946227963,-0.3453828891267239,0.6289432567832843,-0.04767312946227963
0.28107606416925784,1.5869604422371972,1.5475242181803854,0.6500013131005477,1.5682368054869953,1.4099490715612284,1.4510802192907537,-0.04767312946227963,-0.3453828891267239,0.6289432567832843,-0.04767312946227963
0.4240474036183614,-0.057880852012753614,-0.7367398228416455,1.559286734245588,-1.4923736579088005,1.0040387759824432,-0.6891417763855754,-0.04767312946227963,-0.3453828891267239,0.6289432567832843,-0.04767312946227963
-0.05835063468092312,1.2784734311966914,0.8483444827803985,-1.577482982532152,1.047695645935577,-0.9187586106970849,1.4510802192907537,-0.04767312946227963,-0.3453828891267239,0.6289432567832843,-0.04767312946227963
-5.064301806599335,-0.11287312821891168,0.29552363985598973,-0.9645170130366154,-0.8137657787876378,-0.06609218073794904,-0.6891417763855754,-0.04767312946227963,-0.3453828891267239,0.6289432567832843,-0.04767312946227963
-3.826970562266365,-0.219708084735758,0.5386213765744026,-1.8604216325968492,0.8906492623881087,-1.0123294601860986,1.4510802192907537,-0.04767312946227963,-0.3453828891267239,0.6289432567832843,-0.04767312946227963
-1.8772485720990324,-2.483340995530294,-1.8694643575103889,-0.5075694748376661,-1.6534086204523082,-1.9945019714918693,-0.6891417763855754,-0.04767312946227963,-0.3453828891267239,0.6289432567832843,-0.04767312946227963
-1.7245216560574597,-3.274536947005527,-1.643338187086051,-0.3899912222842367,-1.6320526725808404,-1.408324735731206,-0.6891417763855754,-0.04767312946227963,-0.3453828891267239,0.6289432567832843,-0.04767312946227963
0.3147725511506495,-0.39598365950058734,-0.8084722977888222,1.1009964161226944,-0.8355101014539411,-0.6947865961155275,-0.6891417763855754,-0.04767312946227963,-0.3453828891267239,0.6289432567832843,-0.04767312946227963
0.4409281184807245,0.8394584302913363,0.9135004126090176,0.6549994910033745,1.3267511931097304,1.0967426501149236,1.4510802192907537,-0.04767312946227963,-0.3453828891267239,0.6289432567832843,-0.04767312946227963
-1.0087206923494678,1.1592979682400604,1.1855830508754805,0.07687891651611706,1.2239874623948823,0.6965844500384911,1.4510802192907537,-0.04767312946227963,-0.3453828891267239,0.6289432567832843,-0.04767312946227963
-0.5082904792415293,0.6587125239729879,0.4866331559047369,0.46147211371816443,0.9898069464415973,0.4705340750053446,1.4510802192907537,-0.04767312946227963,-0.3453828891267239,0.6289432567832843,-0.04767312946227963
1.2388189557611358,0.0643123160722189,0.6248501267536093,1.559286734245588,0.3155693629025333,0.942340511820504,-0.6891417763855754,-0.04767312946227963,-0.3453828891267239,0.6289432567832843,-0.04767312946227963
0.5760527093087117,-0.41850861563969277,-0.25914426637625276,-0.06561335814202342,0.31999382488997474,-0.2721785273022113,-0.6891417763855754,-0.04767312946227963,-0.3453828891267239,0.6289432567832843,-0.04767312946227963
0.6452860387883774,-1.1404547268534584,-0.12714058615779528,-0.37653570605180214,-1.0947823472690703,0.4658984980442166,-0.6891417763855754,-0.04767312946227963,-0.3453828891267239,0.6289432567832843,-0.04767312946227963
-0.9923921831339282,0.6401777695336738,0.7960159774064477,-1.9299315229571774,1.229615653746033,0.6935282698548307,1.4510802192907537,-0.04767312946227963,-0.3453828891267239,0.6289432567832843,-0.04767312946227963
0.2502972127595815,1.1444379610540738,1.1030023182977406,0.4324898129343131,1.3924931538821466,0.5000288428021689,1.4510802192907537,-0.04767312946227963,-0.3453828891267239,0.6289432567832843,-0.04767312946227963
-0.9567808692774769,0.9137656446317077,0.39817660348553574,-1.4310262437177077,0.6300485830323638,0.3788136760832213,1.4510802192907537,-0.04767312946227963,-0.3453828891267239,0.6289432567832843,-0.04767312946227963
-1.0155580523242111,1.5837697874987728,1.5475242181803854,-0.6207352498150871,-0.02562321904023612,-4.216380081240819,1.4510802192907537,-0.04767312946227963,-0.3453828891267239,0.6289432567832843,-0.04767312946227963
0.4541417417789081,-0.668697307474244,-0.9196395873411283,0.3658959849102777,-0.9786958884989765,0.608706261676959,-0.6891417763855754,-0.04767312946227963,-0.3453828891267239,0.6289432567832843,-0.04767312946227963
0.49723306038819,1.1862566070897367,1.2572549455113087,-0.47578297027475924,1.1960425625594018,0.5439135637241332,1.4510802192907537,-0.04767312946227963,-0.3453828891267239,0.6289432567832843,-0.04767312946227963
0.7836814864995906,-0.16412183237498543,-0.5691267315166194,1.466498319376979,-0.353118094927368,1.0070024373950048,-0.6891417763855754,-0.04767312946227963,-0.3453828891267239,0.6289432567832843,-0.04767312946227963
0.5924102987627203,-0.3469216305400062,-0.898463585187754,0.6469875433621161,-0.23877818942149942,0.56575636405762,-0.6891417763855754,-0.04767312946227963,-0.3453828891267239,0.6289432567832843,-0.04767312946227963
0.74636253674887,-1.0792123252040013,-0.7651451509096422,0.45957187374273223,-1.1919528988114756,0.39801682653886394,-0.6891417763855754,-0.04767312946227963,-0.3453828891267239,0.6289432567832843,-0.04767312946227963
0.4129734746568857,-1.3791722754009335,-0.39158680584415234,0.5087798216343195,-0.6867882543041599,-0.18643279001995142,-0.6891417763855754,-0.04767312946227963,-0.3453828891267239,0.6289432567832843,-0.04767312946227963
0.41538794131706197,-0.2556540725038328,-0.28377965120180854,0.03728598593830196,-0.6175657945572018,-0.9941569551213686,-0.6891417763855754,-0.04767312946227963,-0.3453828891267239,0.6289432567832843,-0.04767312946227963
0.09153513175855699,0.1633749982797314,0.1557160300153988,0.10387981396233811,-0.6005087684751387,0.32800069677238675,-0.6891417763855754,-0.04767312946227963,-0.3453828891267239,0.6289432567832843,-0.04767312946227963
0.8191211074060285,-0.5350625450437922,-0.6103522453971032,1.057305250430291,-0.449417279336251,0.15365352252273326,-0.6891417763855754,-0.04767312946227963,-0.3453828891267239,0.6289432567832843,-0.04767312946227963
0.20663889464928611,-0.32639315943419356,-0.699154282242228,0.8013909284323619,-0.7087724578064302,-0.15429644186518854,-0.6891417763855754,-0.04767312946227963,-0.3453828891267239,0.6289432567832843,-0.04767312946227963
0.7116758240214635,-0.9768777595853573,-0.26810172087963263,0.4145895323907987,-0.9613641539463667,0.31126122375076615,-0.6891417763855754,-0.04767312946227963,-0.3453828891267239,0.6289432567832843,-0.04767312946227963
-0.2904130239240488,-0.013615462599114815,-1.034031497158877,0.4071819430062934,-0.7132679900800166,-0.8835629166173937,-0.6891417763855754,-0.04767312946227963,-0.3453828891267239,0.6289432567832843,-0.04767312946227963
0.4767872196259103,-2.7098440911085655,-2.7163554289053127,0.2575226479341703,-2.1013794412684246,0.0884362272956008,-0.6891417763855754,-0.04767312946227963,-0.3453828891267239,0.6289432567832843,-0.04767312946227963
0.4152025125266812,1.155604207419356,0.6151850096696919,0.33617124797265735,0.4882814154740463,-1.344644283803698,1.4510802192907537,-0.04767312946227963,-0.3453828891267239,0.6289432567832843,-0.04767312946227963
1.2242809491947813,-0.6722409333211057,-0.40003385296496974,0.9682676600398901,-0.3324777700924098,0.5959624448338,-0.6891417763855754,-0.04767312946227963,-0.3453828891267239,0.6289432567832843,-0.04767312946227963
1.2388189557611358,0.055676024270237254,0.4141709803934486,1.559286734245588,-0.06856044014853555,0.14067903837370077,-0.6891417763855754,-0.04767312946227963,-0.3453828891267239,0.6289432567832843,-0.04767312946227963
0.7899254580044875,-0.5616266485924132,-0.9396236712350213,1.4039127020287074,-0.5469293921422316,-0.37316238842902383,-0.6891417763855754,-0.04767312946227963,-0.3453828891267239,0.6289432567832843,-0.04767312946227963
0.866246231663275,0.7700648127141045,0.7943623001615782,-0.4036739104379308,0.6009602988654399,1.0190401425588265,1.4510802192907537,-0.04767312946227963,-0.3453828891267239,0.6289432567832843,-0.04767312946227963
-2.604178122637704,0.9645089413758203,-0.16225462856679182,-1.87724822963835,0.11729132167785065,-4.216380081240819,-0.6891417763855754,-0.04767312946227963,-0.3453828891267239,0.6289432567832843,-0.04767312946227963
1.2388189557611358,-1.2286178411550872,-1.0266090831593015,0.13806491741751079,-0.45087026419620896,0.6882618338192671,-0.6891417763855754,-0.04767312946227963,-0.3453828891267239,0.6289432567832843,-0.04767312946227963
0.10706513591335823,-0.29217964780783084,-1.7428788620164684,1.1928695331214496,-0.47309970086529285,0.13455163339512702,-0.6891417763855754,-0.04767312946227963,-0.3453828891267239,0.6289432567832843,-0.04767312946227963
-0.7383438032844013,-1.6678579720685902,-2.4862012845802606,-1.1587986386575262,-1.5007360736033344,-0.7276033096147587,-0.6891417763855754,-0.04767312946227963,-0.3453828891267239,0.6289432567832843,-0.04767312946227963
0.6142990539921598,-0.4651874628883369,-0.5653655567409446,-0.74666963570632,0.05385832098904705,-0.6825141796618286,-0.6891417763855754,-0.04767312946227963,-0.3453828891267239,0.6289432567832843,-0.04767312946227963
0.29856910867350683,-1.114000479121845,-1.213616705658944,-0.9719015924023459,-0.731595953092421,-0.5319533735903534,-0.6891417763855754,-0.04767312946227963,-0.3453828891267239,0.6289432567832843,-0.04767312946227963
0.12977103770471748,-0.5396978929138517,-0.687526087439853,-0.5661034710404098,-1.7348024525595243,-0.2883982244212793,-0.6891417763855754,-0.04767312946227963,-0.3453828891267239,0.6289432567832843,-0.04767312946227963
0.01977461036879307,-0.9073821874474359,-0.5242470338267193,-0.1730551499317055,-0.8815253369565711,-0.687400616342013,-0.6891417763855754,-0.04767312946227963,-0.3453828891267239,0.6289432567832843,-0.04767312946227963
-0.19362171597985556,0.9346085113280324,0.40468681128547723,0.9315642888295612,0.6160477928921744,0.5559487765752937,-0.6891417763855754,-0.04767312946227963,-0.3453828891267239,0.6289432567832843,-0.04767312946227963
-0.4727277319958416,0.8763599311594042,0.557237516604086,-0.6352946589329491,-0.11399264003633842,-2.433626536903055,-0.6891417763855754,-0.04767312946227963,-0.3453828891267239,0.6289432567832843,-0.04767312946227963
0.5479154097918928,0.2534983113050925,0.09384845881114927,-1.8067296870280571,-0.748107143633868,1.1583191993503499,-0.6891417763855754,-0.04767312946227963,-0.3453828891267239,0.6289432567832843,-0.04767312946227963
-0.08832278030824328,0.4057639148210423,-0.2871141842858919,-0.45591795670057317,-0.18794537901443453,0.1502141475754983,-0.6891417763855754,-0.04767312946227963,-0.3453828891267239,0.6289432567832843,-0.04767312946227963
0.7300602849300575,0.2587352540851575,0.4404022345528537,0.3669630712767268,0.05697727942129753,0.9793142427296285,-0.6891417763855754,-0.04767312946227963,-0.3453828891267239,0.6289432567832843,-0.04767312946227963
1.106090211790604,1.357282513061659,0.12207318735468901,-1.219398754398104,-1.6869446794642888,0.50668388284245,-0.6891417763855754,-0.04767312946227963,-0.3453828891267239,0.6289432567832843,-0.04767312946227963
1.2388189557611358,0.7577754000545849,0.5539726169366486,0.5882996320961897,-2.229076031353456,-4.216380081240819,-0.6891417763855754,-0.04767312946227963,-0.3453828891267239,0.6289432567832843,-0.04767312946227963
0.36621462507543234,-0.6998465822272857,-1.3246729182342751,1.4263427168241078,-0.4670905751524355,-0.7072498820468034,-0.6891417763855754,-0.04767312946227963,-0.3453828891267239,0.6289432567832843,-0.04767312946227963
0.7756954262868488,0.1111483581550977,-0.7707445030737855,-2.026145388684038,-0.3136816297183543,-1.0734160227767282,-0.6891417763855754,-0.04767312946227963,-0.3453828891267239,0.6289432567832843,-0.04767312946227963
0.8844694133445425,0.9122596278870992,1.5475242181803854,-2.8511234036052007,1.5682368054869953,1.4013146647171886,1.4510802192907537,-0.04767312946227963,-0.3453828891267239,0.6289432567832843,-0.04767312946227963
0.16449123322828216,-0.5122116561105688,-0.6862429866294182,-0.3624251954808756,-1.4759917297126042,-0.31412912840133395,-0.6891417763855754,-0.04767312946227963,-0.3453828891267239,0.6289432567832843,-0.04767312946227963
0.2814513115381755,0.027282253156714887,-0.48349215521507477,-0.09650322430723395,0.12843615461438554,-0.30495299990679603,-0.6891417763855754,-0.04767312946227963,-0.3453828891267239,0.6289432567832843,-0.04767312946227963
-0.02271440798979253,-1.6761314995749508,-1.979297810896168,0.8332014289679195,-0.6718665499950632,-0.458700055561049,-0.6891417763855754,-0.04767312946227963,-0.3453828891267239,0.6289432567832843,-0.04767312946227963
1.1379188328513554,-0.8045056385153714,-0.9435597848820536,-0.4808262471478624,-1.217617910776705,0.5011418612208078,-0.6891417763855754,-0.04767312946227963,-0.3453828891267239,0.6289432567832843,-0.04767312946227963
0.6729871313514012,-0.56957979042236,-0.8814411316079704,-0.4289003889473928,-0.9751891161259809,0.26109087874893044,-0.6891417763855754,-0.04767312946227963,-0.3453828891267239,0.6289432567832843,-0.04767312946227963
-1.075511456277717,0.014229390299159077,-0.7549663373693636,-0.8124773452912258,-0.7339269617978418,0.6681985934351421,-0.6891417763855754,-0.04767312946227963,-0.3453828891267239,0.6289432567832843,-0.04767312946227963
0.776172071839677,-0.847472206938341,-0.3468955282521701,0.5899210770749835,-0.541826348570789,-1.1438662352927265,-0.6891417763855754,-0.04767312946227963,-0.3453828891267239,0.6289432567832843,-0.04767312946227963
-0.3933812538299097,1.0078079757380107,-0.6079915776300802,-0.502357547047663,-0.6331472098802667,0.598921364377318,-0.6891417763855754,-0.04767312946227963,-0.3453828891267239,0.6289432567832843,-0.04767312946227963
-1.5781418441549717,-3.957009865408381,-3.254482024934353,-2.389544075062807,-2.806100770818519,-3.5665223935526487,-0.6891417763855754,-0.04767312946227963,-0.3453828891267239,0.6289432567832843,-0.04767312946227963
-0.7761555856331344,1.148447140888294,1.3524100602996132,-1.4781196880560814,1.5450905908303416,0.8232852551538237,1.4510802192907537,-0.04767312946227963,-0.3453828891267239,0.6289432567832843,-0.04767312946227963
-0.32383978999895935,0.46483693134023935,1.10106185602711,-1.2295295360386487,1.2175917671448184,1.1362195157488901,1.4510802192907537,-0.04767312946227963,-0.3453828891267239,0.6289432567832843,-0.04767312946227963
0.7359129193966591,-0.8510214391182037,-0.5672442445442694,0.6857984169478889,-0.043753867635331616,-0.4887316027910668,-0.6891417763855754,-0.04767312946227963,-0.3453828891267239,0.6289432567832843,-0.04767312946227963
-0.5252129162986791,0.6752744825575324,0.6964381580827819,-0.3589356229068093,0.9103788155794031,0.6255475056998439,1.4510802192907537,-0.04767312946227963,-0.3453828891267239,0.6289432567832843,-0.04767312946227963
-1.9645944406816878,0.8300414989133322,1.090157917288099,-1.0456298500128323,1.3298679837070109,-0.7458467378861957,1.4510802192907537,-0.04767312946227963,-0.3453828891267239,0.6289432567832843,-0.04767312946227963
-0.8744427393377199,0.10425188340116433,0.9640690023428192,-0.4568997278421173,0.9700057050269105,0.8247720331917928,1.4510802192907537,-0.04767312946227963,-0.3453828891267239,0.6289432567832843,-0.04767312946227963
0.4892271886858277,-1.7521451236845007,-2.5826399470006347,-0.22892112473032378,-3.220535532622655,0.8525090268779506,-0.6891417763855754,-0.04767312946227963,-0.3453828891267239,0.6289432567832843,-0.04767312946227963
0.6268793868903036,-0.4690204244402864,-0.16542465478090546,0.4937208232008193,-0.7902129445877466,-0.18643279001995142,-0.6891417763855754,-0.04767312946227963,-0.3453828891267239,0.6289432567832843,-0.04767312946227963
-0.07010894958438237,1.523668079337455,1.5475242181803854,0.3976551098012772,1.5682368054869953,-0.43689263828307245,1.4510802192907537,-0.04767312946227963,-0.3453828891267239,0.6289432567832843,-0.04767312946227963
-0.10953664811949247,0.8172141529580023,0.5905738540361533,0.454801689411105,0.8589648709311031,-0.9386283839416719,1.4510802192907537,-0.04767312946227963,-0.3453828891267239,0.6289432567832843,-0.04767312946227963
0.6465253607495608,1.3123207781467279,1.3712557709402275,0.9045527247579057,1.2534663090903733,0.9032413851200443,1.4510802192907537,-0.04767312946227963,-0.3453828891267239,0.6289432567832843,-0.04767312946227963
-0.1648225718691536,0.6973610679810338,0.6520403355764325,-0.30586890551038415,1.0399328896508264,1.2432909253385214,1.4510802192907537,-0.04767312946227963,-0.3453828891267239,0.6289432567832843,-0.04767312946227963
-0.5097046115773908,-0.0254063740400921,-0.30823007886245224,-1.031534677727025,0.3913065215434029,-0.08435788618519911,-0.6891417763855754,-0.04767312946227963,-0.3453828891267239,0.6289432567832843,-0.04767312946227963
-0.03624961543843795,-1.4529118594138088,-1.6139330419820428,-0.03177778697921187,-1.4293782920834097,-0.4679645880240161,-0.6891417763855754,-0.04767312946227963,-0.3453828891267239,0.6289432567832843,-0.04767312946227963
-0.08487089339614283,-1.4769824220649135,-0.6956937225298315,0.4085338231833641,-1.5092171090732054,-0.021102546754738993,-0.6891417763855754,-0.04767312946227963,-0.3453828891267239,0.6289432567832843,-0.04767312946227963
-2.1789537888322674,0.9454251304503644,1.0071924900634728,-0.21131785579946274,1.2455929242767956,-0.6947865961155275,1.4510802192907537,-0.04767312946227963,-0.3453828891267239,0.6289432567832843,-0.04767312946227963
-2.3593407795493637,1.5869604422371972,1.369284938537331,-0.6476305436393612,1.3792837591799765,1.4099490715612284,1.4510802192907537,-0.04767312946227963,-0.3453828891267239,0.6289432567832843,-0.04767312946227963
-1.282432879641762,0.4987730024350139,0.3368709546782277,-1.1897447643440369,0.705066420900512,-0.06835275524852387,-0.6891417763855754,-0.04767312946227963,-0.3453828891267239,0.6289432567832843,-0.04767312946227963
-1.7096118622205896,0.8266289481056373,1.3687680778927802,-0.3528647931855965,1.4476587379726682,-0.058230012660349204,1.4510802192907537,-0.04767312946227963,-0.3453828891267239,0.6289432567832843,-0.04767312946227963
-2.113376229670269,-0.9704237367809097,0.1313536042318182,0.44678845448222193,-1.0377961071565363,0.5022533359240858,-0.6891417763855754,-0.04767312946227963,-0.3453828891267239,0.6289432567832843,-0.04767312946227963
-0.6630929160071385,0.8476705383270767,0.8925719572364518,-2.6816645423977885,0.93837646176794,0.6326582278868937,1.4510802192907537,-0.04767312946227963,-0.3453828891267239,0.6289432567832843,-0.04767312946227963
1.2388189557611358,0.7310455526974082,0.3368709546782277,1.3177096106574537,0.3362024353153724,-0.9659118065241339,-0.6891417763855754,-0.04767312946227963,-0.3453828891267239,0.6289432567832843,-0.04767312946227963
0.5070439743295007,0.7816705250911723,-0.003717113684197825,0.15393833223488917,-2.229076031353456,0.9838944026498848,-0.6891417763855754,-0.04767312946227963,-0.3453828891267239,0.6289432567832843,-0.04767312946227963
0.40473822135461446,0.7472539271486558,0.07724664324205821,-0.18560973455196206,-1.181987618535639,-0.5339744922722757,-0.6891417763855754,-0.04767312946227963,-0.3453828891267239,0.6289432567832843,-0.04767312946227963
-0.45724846074713693,0.3878357222615276,-0.5575162111764225,0.9140190279923385,-0.6932990588469324,0.8277373395635629,-0.6891417763855754,-0.04767312946227963,-0.3453828891267239,0.6289432567832843,-0.04767312946227963
0.48488187894277057,0.5928775766583029,0.6228622754423059,-1.0375454739683414,0.27463544083537567,1.032047386084564,-0.6891417763855754,-0.04767312946227963,-0.3453828891267239,0.6289432567832843,-0.04767312946227963
1.2388189557611358,1.5869604422371972,1.2874367664088109,1.559286734245588,1.0369201705100952,1.4099490715612284,-0.6891417763855754,-0.04767312946227963,-0.3453828891267239,0.6289432567832843,-0.04767312946227963
-1.5026176802298958,0.9293825847247268,0.7796995546697989,-0.9590224023074937,1.2363175987433945,-1.2753795958945946,-0.6891417763855754,-0.04767312946227963,-0.3453828891267239,0.6289432567832843,-0.04767312946227963
1.2388189557611358,1.5869604422371972,1.3857670576015324,1.559286734245588,-0.7725147356285503,1.4099490715612284,-0.6891417763855754,-0.04767312946227963,-0.3453828891267239,0.6289432567832843,-0.04767312946227963
-2.021163760847767,-1.2370437540490267,0.031931902232268654,-2.400278695284547,-0.5731191105699436,-3.335981709959497,-0.6891417763855754,-0.04767312946227963,-0.3453828891267239,0.6289432567832843,-0.04767312946227963
0.19924138519953377,0.6570557771537743,-1.288881072703078,0.3313570342658505,-1.6114332852898976,-0.9090054704416778,-0.6891417763855754,-0.04767312946227963,-0.3453828891267239,0.6289432567832843,-0.04767312946227963
-0.49039490803631663,-1.786900544235625,-1.5566812905793894,0.7075695310166934,0.05009396663038419,-0.04602894035382398,-0.6891417763855754,-0.04767312946227963,-0.3453828891267239,0.6289432567832843,-0.04767312946227963
-0.6356571802884949,0.8669310557121245,0.7156897097436826,1.1868170313319928,0.8229205629312479,-4.216380081240819,-0.6891417763855754,-0.04767312946227963,-0.3453828891267239,0.6289432567832843,-0.04767312946227963
0.18816616593963592,0.8218057135945985,0.8777962504517465,0.5215104706334598,1.2304028862173997,-0.5159653493796742,1.4510802192907537,-0.04767312946227963,-0.3453828891267239,0.6289432567832843,-0.04767312946227963
-1.375884776345932,1.2259305447360358,0.8645612021305885,-1.3443304778105454,0.9138026437925066,0.7043900942111104,1.4510802192907537,-0.04767312946227963,-0.3453828891267239,0.6289432567832843,-0.04767312946227963
0.7026026001573792,0.626741123113162,-0.7740264135163096,1.3137405820179378,-1.1919528988114756,-1.9820773329591492,-0.6891417763855754,-0.04767312946227963,-0.3453828891267239,0.6289432567832843,-0.04767312946227963
0.5523390446434642,-2.3383998504878223,-1.1096816221510482,-0.3945264998062325,-1.7868268137750116,-1.7670977816583713,-0.6891417763855754,-0.04767312946227963,-0.3453828891267239,0.6289432567832843,-0.04767312946227963
-0.07286071735389385,-0.7857068889205356,-0.6551403994863481,-0.7884621963024505,-0.9185208249577265,-0.5061324268420959,-0.6891417763855754,-0.04767312946227963,-0.3453828891267239,0.6289432567832843,-0.04767312946227963
-2.431717715648024,0.05902821246848596,1.3913803860901022,-0.3340758131034478,1.112834820846257,-0.11615790638864572,1.4510802192907537,-0.04767312946227963,-0.3453828891267239,0.6289432567832843,-0.04767312946227963
0.10299669321948994,-1.1423721507772802,-0.39595718706689226,-0.4747780699870097,-0.5367664906530185,0.31547898681654535,-0.6891417763855754,-0.04767312946227963,-0.3453828891267239,0.6289432567832843,-0.04767312946227963
0.7061407481931239,0.43650587928312934,0.12939814005500228,1.3729722014514758,-0.5803012146538997,0.6595742737098098,-0.6891417763855754,-0.04767312946227963,-0.3453828891267239,0.6289432567832843,-0.04767312946227963
1.1116369702543134,0.7654913238741261,0.06816841291313139,1.559286734245588,-0.08018562118786941,1.055219873926404,-0.6891417763855754,-0.04767312946227963,-0.3453828891267239,-1.5899685531481431,-0.04767312946227963
-0.6387787162698182,0.7502717000691439,0.7683921644048359,-0.20337572385769906,0.954954720970134,0.5165639507206766,1.4510802192907537,-0.04767312946227963,-0.3453828891267239,-1.5899685531481431,-0.04767312946227963
0.44638577336926455,-0.4085332764735998,0.3770053208619288,0.7207704980441305,-0.23167832511444844,-0.07975228079236481,-0.6891417763855754,-0.04767312946227963,-0.3453828891267239,-1.5899685531481431,-0.04767312946227963
0.3156299555641892,-0.3532935144898297,-0.7144473425350474,-0.8294104812213177,-0.4626230352464485,-0.6375213022969023,-0.6891417763855754,-0.04767312946227963,-0.3453828891267239,-1.5899685531481431,-0.04767312946227963
-0.47721486744557656,1.3564018907193678,1.5131109483194385,0.8106958753998238,1.455088450789548,-0.041637843709059194,1.4510802192907537,-0.04767312946227963,-0.3453828891267239,-1.5899685531481431,-0.04767312946227963
-0.21499759622645867,1.4379737488839455,1.5475242181803854,0.7258086446788224,1.5682368054869953,0.6250712066471312,1.4510802192907537,-0.04767312946227963,-0.3453828891267239,-1.5899685531481431,-0.04767312946227963
0.9771047410672296,1.2183442732291792,0.6839676571145002,1.0140085678786803,-0.6697649556498662,1.4099490715612284,-0.6891417763855754,-0.04767312946227963,-0.3453828891267239,-1.5899685531481431,-0.04767312946227963
-1.6227839642736182,-1.5213038807618644,-0.6697216473391745,-0.9129010939300273,0.05323257213483372,-2.9677248476351465,-0.6891417763855754,-0.04767312946227963,-0.3453828891267239,-1.5899685531481431,-0.04767312946227963
-0.787703224674819,-1.2660327684856327,0.12868604249448728,-0.03761259964196069,-2.9781067379719315,0.4363023304954658,-0.6891417763855754,-0.04767312946227963,-0.3453828891267239,-1.5899685531481431,-0.04767312946227963
-1.1805368824606934,1.2371170919015249,1.5317990953111191,-0.3374597511229427,1.4119047382104881,-0.06496428029475708,1.4510802192907537,-0.04767312946227963,-0.3453828891267239,-1.5899685531481431,-0.04767312946227963
0.02772916668738227,-1.3952205598341123,-1.457622925522766,-0.40551584754494935,-0.6614316782372469,-0.7947592607263424,-0.6891417763855754,-0.04767312946227963,-0.3453828891267239,-1.5899685531481431,-0.04767312946227963
-0.6070931908820143,0.3573372875458367,0.27093580732076106,0.5749349856729785,1.0798039832975685,-1.4841014433034994,1.4510802192907537,-0.04767312946227963,-0.3453828891267239,-1.5899685531481431,-0.04767312946227963
-0.9540815783513212,0.12973556410815296,0.23175603481627985,0.20195589523466134,0.8092875747380719,0.0365306194228063,-0.6891417763855754,-0.04767312946227963,-0.3453828891267239,-1.5899685531481431,-0.04767312946227963
-0.06774121531418335,1.3181419549072357,1.2137632355064172,-0.4185279707423132,1.5682368054869953,0.027543162987355162,1.4510802192907537,-0.04767312946227963,-0.3453828891267239,-1.5899685531481431,-0.04767312946227963
0.7660927682863762,-0.5330094637860311,-1.101633536079425,0.17628132075106698,-0.7601864024547302,0.8033205205889219,-0.6891417763855754,-0.04767312946227963,-0.3453828891267239,-1.5899685531481431,-0.04767312946227963
0.47150853550938293,1.5869604422371972,1.5475242181803854,0.9595887212709058,1.5682368054869953,1.0535468605158433,1.4510802192907537,-0.04767312946227963,-0.3453828891267239,-1.5899685531481431,-0.04767312946227963
0.12064549540917767,-1.1423721507772802,-0.7367398228416455,-0.09336071560753319,-0.7700286489879778,0.668649944127219,-0.6891417763855754,-0.04767312946227963,-0.3453828891267239,-1.5899685531481431,-0.04767312946227963
-0.42311834196631193,0.6799971691882619,0.3820382711144115,-0.06986770900441391,0.9039246728399406,0.3650923169882799,-0.6891417763855754,-0.04767312946227963,-0.3453828891267239,-1.5899685531481431,-0.04767312946227963
-0.6575178754857461,0.6724594933665855,0.8517088012305063,-0.373871203997324,1.1478606600599548,0.021495035164962078,1.4510802192907537,-0.04767312946227963,-0.3453828891267239,-1.5899685531481431,-0.04767312946227963
-0.5386129572689273,1.15524308794484,1.1429045648311118,-0.04290009052728111,1.1347729255186545,0.9062660723734005,-0.6891417763855754,-0.04767312946227963,-0.3453828891267239,-1.5899685531481431,-0.04767312946227963
-0.6095424976641377,1.5761863485119294,1.5475242181803854,-1.6907533252122187,1.5682368054869953,-0.10660341905066799,1.4510802192907537,-0.04767312946227963,-0.3453828891267239,-1.5899685531481431,-0.04767312946227963
0.74636253674887,-0.7764421008934034,-0.7439876608420706,0.45224606418509816,-1.1345100699210249,0.3266190186152911,-0.6891417763855754,-0.04767312946227963,-0.3453828891267239,-1.5899685531481431,-0.04767312946227963
-3.988297436476556,0.8044743812754498,1.1227387933016213,-0.09713319089801736,1.0183933267551293,1.4099490715612284,1.4510802192907537,-0.04767312946227963,-0.3453828891267239,-1.5899685531481431,-0.04767312946227963
-0.26760878928054704,-2.1267435332373323,-1.103639043836649,0.3765041465493509,-1.379225303211354,-1.42046698518509,-0.6891417763855754,-0.04767312946227963,-0.3453828891267239,-1.5899685531481431,-0.04767312946227963
0.6074072893096012,-1.2573529464101472,-1.1090082843346458,0.15992635363095162,-1.6320526725808404,-0.022170332565748116,-0.6891417763855754,-0.04767312946227963,-0.3453828891267239,-1.5899685531481431,-0.04767312946227963
-0.08717023308767341,0.804344841184083,0.7909586784882785,-2.2347029804761025,0.9342307939234538,-0.9352823534746926,-0.6891417763855754,-0.04767312946227963,-0.3453828891267239,-1.5899685531481431,-0.04767312946227963
-0.1341567469824552,-1.048235943483468,-0.4336320681016115,1.3316663464186582,-0.731595953092421,-0.575505709254056,-0.6891417763855754,-0.04767312946227963,-0.3453828891267239,-1.5899685531481431,-0.04767312946227963
-0.5425604790779969,-0.25334405094743767,0.13560586662664553,1.0971072762659546,-0.06093402328596956,0.45536935651298116,1.4510802192907537,-0.04767312946227963,-0.3453828891267239,-1.5899685531481431,-0.04767312946227963
0.11903368014151616,-1.558864977830027,-1.033410697208834,-0.49717892253798507,-1.5007360736033344,-0.1246125619432702,-0.6891417763855754,-0.04767312946227963,-0.3453828891267239,-1.5899685531481431,-0.04767312946227963
0.5027552258593996,-0.010914672923088216,-0.08430455447113606,-0.63651983222483,-0.08175286448529878,0.016419824201693495,-0.6891417763855754,-0.04767312946227963,-0.3453828891267239,-1.5899685531481431,-0.04767312946227963
0.8439167637743505,0.5741805598889038,0.6562937544870314,0.15716814797984166,0.6448938332966391,0.5616414737194465,1.4510802192907537,-0.04767312946227963,-0.3453828891267239,-1.5899685531481431,-0.04767312946227963
-0.2866450359664626,-0.3862356564394455,-0.994516706293613,0.3694474891835664,-0.7155284955160168,-0.08899011372235034,-0.6891417763855754,-0.04767312946227963,-0.3453828891267239,-1.5899685531481431,-0.04767312946227963
-0.8191062788473401,-1.6878340231798694,-1.9292379282911571,-0.3417096401391133,1.0140158144394378,-1.065520657112902,-0.6891417763855754,-0.04767312946227963,-0.3453828891267239,-1.5899685531481431,-0.04767312946227963
0.239140275958787,-0.17257828538841588,-0.5571440786547416,1.2580461851041953,-0.13678069152810793,0.19299775493931037,-0.6891417763855754,-0.04767312946227963,-0.3453828891267239,-1.5899685531481431,-0.04767312946227963
0.40911762904908006,0.5852795867262369,0.19550730735974012,1.4162772655296292,0.05385832098904705,0.8173104044932261,1.4510802192907537,-0.04767312946227963,-0.3453828891267239,-1.5899685531481431,-0.04767312946227963
-0.6627983680325188,1.1473553669438146,-0.16103825639504388,-0.005465814131472096,0.3493182523170111,-0.36165529445216016,-0.6891417763855754,-0.04767312946227963,-0.3453828891267239,-1.5899685531481431,-0.04767312946227963
0.9975937025347948,-0.5938372245533139,-0.15861026991011642,-0.6639531336444322,-0.6697649556498662,0.06386389957189854,-0.6891417763855754,-0.04767312946227963,-0.3453828891267239,-1.5899685531481431,-0.04767312946227963
-1.2759621301172694,0.40673946293524227,-0.2946608451180242,-0.3528647931855965,-0.4523267886086516,-3.660910553803582,-0.6891417763855754,-0.04767312946227963,-0.3453828891267239,-1.5899685531481431,-0.04767312946227963
0.6459944950864976,-0.1879158794155225,-0.15982347155530174,0.8737617356748572,-0.5894018922646892,0.962918080728977,-0.6891417763855754,-0.04767312946227963,-0.3453828891267239,-1.5899685531481431,-0.04767312946227963
-0.8306501438824888,0.6467509128109077,-0.4441173826536467,-0.1404970523501635,0.19818383624804894,-0.7672179545913421,-0.6891417763855754,-0.04767312946227963,-0.3453828891267239,-1.5899685531481431,-0.04767312946227963
0.23746307371913794,-1.3466644693329077,-0.37339093748393604,0.37860921780618073,-0.4436403940518823,-0.9834480233879028,-0.6891417763855754,-0.04767312946227963,-0.3453828891267239,-1.5899685531481431,-0.04767312946227963
0.7707261000985782,0.15279727428211387,-1.895731861857775,0.9419469444995185,-2.0360888596662132,0.3650923169882799,-0.6891417763855754,-0.04767312946227963,-0.3453828891267239,-1.5899685531481431,-0.04767312946227963
0.12743060397248754,-1.8765796112207342,-1.9083542856325533,-0.21422530996064995,-1.4841265895620979,-1.0160139408494504,-0.6891417763855754,-0.04767312946227963,-0.3453828891267239,-1.5899685531481431,-0.04767312946227963
1.2388189557611358,-0.23808261327400165,-0.17302779919715885,1.0419959176503757,-0.03136542860816865,0.8596514371938796,-0.6891417763855754,-0.04767312946227963,-0.3453828891267239,-1.5899685531481431,-0.04767312946227963
0.8862530588889329,0.0838078110103971,0.40614204989584274,1.559286734245588,-0.5572680297173795,0.9632305678191516,-0.6891417763855754,-0.04767312946227963,-0.3453828891267239,-1.5899685531481431,-0.04767312946227963
0.9695562734330387,-0.5824417237647233,-0.5668682035411393,0.34425379162592684,-0.44796781686728687,0.24594159712662328,-0.6891417763855754,-0.04767312946227963,-0.3453828891267239,-1.5899685531481431,-0.04767312946227963
0.7532926414631846,-1.558864977830027,-0.414923333594608,0.7708761907460133,-0.2377587467608422,-0.22954224225514133,-0.6891417763855754,-0.04767312946227963,-0.3453828891267239,-1.5899685531481431,-0.04767312946227963
0.4176708118787692,0.08407962245190433,0.10943239867484193,-0.7680172784590308,0.39201746452327546,0.909613500517989,-0.6891417763855754,-0.04767312946227963,-0.3453828891267239,-1.5899685531481431,-0.04767312946227963
0.008949750818381468,0.8389584901341516,0.805790774503797,-0.16410739389230503,0.7656577719462407,0.7521349003691655,-0.6891417763855754,-0.04767312946227963,-0.3453828891267239,-1.5899685531481431,-0.04767312946227963
-0.4783412218235286,0.6116957112506504,1.0402815588365584,-1.4885772780313247,1.3900887150829315,1.0291750778748259,1.4510802192907537,-0.04767312946227963,-0.3453828891267239,-1.5899685531481431,-0.04767312946227963
0.25717014429481033,-0.29217964780783084,-0.8751371154803989,0.16541476272040043,-0.4224609786839384,-0.18643279001995142,-0.6891417763855754,-0.04767312946227963,-0.3453828891267239,-1.5899685531481431,-0.04767312946227963
0.5495457902830688,-2.1838643139546132,-2.07490381888556,0.29177780572467954,-1.773390226390233,-0.1246125619432702,-0.6891417763855754,-0.04767312946227963,-0.3453828891267239,-1.5899685531481431,-0.04767312946227963
0.648997352145122,0.46263004364054233,-0.5931781156879398,-0.7709065933845892,-0.2627183210894525,-0.2378899545356526,-0.6891417763855754,-0.04767312946227963,-0.3453828891267239,-1.5899685531481431,-0.04767312946227963
0.18816616593963592,0.14184712696344495,-0.7331369562616041,1.1959428260249043,0.030258019878760388,-0.7781211586003284,-0.6891417763855754,-0.04767312946227963,-0.3453828891267239,-1.5899685531481431,-0.04767312946227963
-0.4498533342199969,-0.4840175579170496,-0.8636894760814621,0.14370286695923726,-0.7851026316350234,-0.06496428029475708,-0.6891417763855754,-0.04767312946227963,-0.3453828891267239,-1.5899685531481431,-0.04767312946227963
0.0013376451014969007,1.5869604422371972,1.5475242181803854,1.2462406727729642,1.5682368054869953,1.4099490715612284,1.4510802192907537,-0.04767312946227963,-0.3453828891267239,-1.5899685531481431,-0.04767312946227963
0.05429682672309086,-0.5511226715829841,0.037841080923461376,1.351633698496198,-0.8638520411403865,0.6307681960376784,-0.6891417763855754,-0.04767312946227963,-0.3453828891267239,-1.5899685531481431,-0.04767312946227963
1.0864232588395564,0.8619379375403249,1.2247458445099233,-0.979354076898754,-0.5234792110416784,0.47341775257757324,-0.6891417763855754,-0.04767312946227963,-0.3453828891267239,-1.5899685531481431,-0.04767312946227963
0.364487042088737,1.5869604422371972,0.0394105472435403,0.9509887681411416,0.3420243213882039,1.156848339715777,-0.6891417763855754,-0.04767312946227963,-0.3453828891267239,-1.5899685531481431,-0.04767312946227963
1.1336073977780625,-1.8483998522328307,-1.0358963849089733,0.6525042551091796,-1.2282005405917733,-0.17990159549374396,-0.6891417763855754,-0.04767312946227963,-0.3453828891267239,-1.5899685531481431,-0.04767312946227963
0.4103638040981218,0.41140851468451983,0.13277318436295088,-0.9409715007175476,-0.47764651346616543,-0.5797797094255644,-0.6891417763855754,-0.04767312946227963,-0.3453828891267239,-1.5899685531481431,-0.04767312946227963
0.22454885508417158,-0.5147242799291433,-0.821231130496522,1.004190640113626,0.8456392014532613,0.1986957087851467,-0.6891417763855754,-0.04767312946227963,-0.3453828891267239,-1.5899685531481431,-0.04767312946227963
1.2388189557611358,0.3209642534076722,-0.7091756560126538,1.2063561723907774,-0.10658562613294685,1.170472497680203,-0.6891417763855754,-0.04767312946227963,-0.3453828891267239,-1.5899685531481431,-0.04767312946227963
1.2388189557611358,0.4018519030460107,0.44434372431871544,0.59288532701644,0.061316666876767054,0.04835921989710949,-0.6891417763855754,-0.04767312946227963,-0.3453828891267239,-1.5899685531481431,-0.04767312946227963
0.28070061278392855,0.3872390161880289,-0.6948305889579428,-1.204436139047321,-0.06702735475569102,-0.2721785273022113,-0.6891417763855754,-0.04767312946227963,-0.3453828891267239,-1.5899685531481431,-0.04767312946227963
0.17235625224199994,-1.0526011668676982,-1.3263716221556396,1.2548435166975538,-1.710394860564842,-0.7891747563664603,-0.6891417763855754,-0.04767312946227963,-0.3453828891267239,-1.5899685531481431,-0.04767312946227963
0.921615171353138,-0.8467639128347166,-0.9290230770166626,-0.31488768523591626,-0.4238498363946765,-0.12948414614071224,-0.6891417763855754,-0.04767312946227963,-0.3453828891267239,-1.5899685531481431,-0.04767312946227963
-0.7214681885011799,-1.048235943483468,0.3577115837829626,0.885844169238081,0.7163243409032368,-0.5022327931975166,-0.6891417763855754,-0.04767312946227963,-0.3453828891267239,-1.5899685531481431,-0.04767312946227963
-1.2020595248790955,1.0518750330729563,1.1373165072164022,-2.554551251104872,1.1501643346476953,0.3973840802504849,1.4510802192907537,-0.04767312946227963,-0.3453828891267239,-1.5899685531481431,-0.04767312946227963
-0.024464897434142742,1.5869604422371972,1.0256523683500818,1.559286734245588,-0.029924697849300342,1.243070616572159,-0.6891417763855754,-0.04767312946227963,-0.3453828891267239,-1.5899685531481431,-0.04767312946227963
-1.6359152931632377,1.060274511740825,1.4742763100477627,0.3460795458971257,1.0288928741028045,0.962918080728977,1.4510802192907537,-0.04767312946227963,-0.3453828891267239,-1.5899685531481431,-0.04767312946227963
0.8475952050116082,-0.9592312853519622,-0.5296497738362614,0.8176561018767795,-0.1008873926299074,1.2413059626631724,-0.6891417763855754,-0.04767312946227963,-0.3453828891267239,-1.5899685531481431,-0.04767312946227963
0.45938039590025953,0.8731064285770054,1.370740003712362,-0.24615746138858005,1.1883083400136953,-0.07860500338438688,1.4510802192907537,-0.04767312946227963,-0.3453828891267239,-1.5899685531481431,-0.04767312946227963
0.6287422874085967,-2.46821020581161,-1.2896980007858627,0.4471105097132577,-0.5749065647431333,-1.0616019542793338,-0.6891417763855754,-0.04767312946227963,-0.3453828891267239,-1.5899685531481431,-0.04767312946227963
-0.1795838017534516,-1.1233660006358077,-1.4334677173580168,1.0807722583707409,-0.8875344626694284,-2.0873264763538235,-0.6891417763855754,-0.04767312946227963,-0.3453828891267239,-1.5899685531481431,-0.04767312946227963
-0.7442827882354788,0.4112144179255193,-0.994516706293613,-0.20842079470481437,-1.061556967908469,0.560092926121452,-0.6891417763855754,-0.04767312946227963,-0.3453828891267239,-1.5899685531481431,-0.04767312946227963
-1.7096118622205896,0.9051616071896925,0.38312290798700516,-0.8155298987238124,-1.332955586761862,0.2405709576588865,-0.6891417763855754,-0.04767312946227963,-0.3453828891267239,-1.5899685531481431,-0.04767312946227963
1.2388189557611358,-0.0721375887539351,-1.0371417222058597,0.9708027011378656,-0.8495131530929595,0.6904603897458539,-0.6891417763855754,-0.04767312946227963,-0.3453828891267239,0.6289432567832843,-0.04767312946227963
-1.3279649059366214,-0.6368022016194794,-0.8422182559124243,-0.5395651552897813,-0.08332422669231893,0.3231543650015684,-0.6891417763855754,-0.04767312946227963,-0.3453828891267239,0.6289432567832843,-0.04767312946227963
-1.516670415186089,-0.6913615716279604,-2.803566261453663,-0.4204040178259427,-1.3141717495510485,-0.5670254911503423,-0.6891417763855754,-0.04767312946227963,-0.3453828891267239,0.6289432567832843,-0.04767312946227963
1.047332479871111,0.12999483430950737,0.39590727973458517,0.9143809176961574,-0.22068898863853997,0.9439422975478735,-0.6891417763855754,-0.04767312946227963,-0.3453828891267239,0.6289432567832843,-0.04767312946227963
0.27071413961392676,-1.3360656938109343,-1.7644032773905602,1.559286734245588,-0.20313103275306627,-1.3672196677265507,-0.6891417763855754,-0.04767312946227963,-0.3453828891267239,0.6289432567832843,-0.04767312946227963
0.446799269298148,-0.3376511053598563,-0.5416473440044289,1.1300702471647386,-0.6911209035213339,0.48371390876312076,-0.6891417763855754,-0.04767312946227963,-0.3453828891267239,0.6289432567832843,-0.04767312946227963
0.7196773933645305,0.6189340331755505,0.7037642393129546,-0.09210711600997115,0.8501141718483641,0.6439057547328386,1.4510802192907537,-0.04767312946227963,-0.3453828891267239,0.6289432567832843,-0.04767312946227963
-0.41299465487528575,-0.12492867717440233,-0.5835594158230847,-0.31902054466738555,-0.9857717459410494,0.2883837198874459,-0.6891417763855754,-0.04767312946227963,-0.3453828891267239,0.6289432567832843,-0.04767312946227963
0.47825579212577707,0.7517770807819297,0.2929893887367746,-0.22817997060621073,0.5862528683457715,0.7952703042270397,1.4510802192907537,-0.04767312946227963,-0.3453828891267239,0.6289432567832843,-0.04767312946227963
1.2388189557611358,0.18443644579046464,-0.0632753635418795,1.1472167777650792,0.10536127031518319,0.48086710956117956,-0.6891417763855754,-0.04767312946227963,-0.3453828891267239,0.6289432567832843,-0.04767312946227963
0.9923874879851314,0.09408358884015723,-0.7591169538148749,1.559286734245588,-0.6099247579676224,0.46937769221796577,-0.6891417763855754,-0.04767312946227963,-0.3453828891267239,0.6289432567832843,-0.04767312946227963
1.2388189557611358,0.28803679436474994,0.9484763394681386,1.4516255285477686,-0.08965130134945536,0.9122814118713318,-0.6891417763855754,-0.04767312946227963,-0.3453828891267239,0.6289432567832843,-0.04767312946227963
1.2388189557611358,-1.5872613682648933,-0.2181875057598531,-0.2668705654985945,-0.4141949072709625,-2.9677248476351465,-0.6891417763855754,-0.04767312946227963,-0.3453828891267239,0.6289432567832843,-0.04767312946227963
0.10706513591335823,-0.36746042860657413,-1.208359550553648,0.08999168011889642,0.20307668659406142,-1.4327960457902593,-0.6891417763855754,-0.04767312946227963,-0.3453828891267239,0.6289432567832843,-0.04767312946227963
0.634885927679678,-0.43227844379514213,-0.4428002413081995,1.420647860221571,-0.4868452022200673,0.2305004039398524,-0.6891417763855754,-0.04767312946227963,-0.3453828891267239,0.6289432567832843,-0.04767312946227963
0.6744751037349501,-1.659654264191965,-1.1687724576849667,-0.4336593690235249,-0.4020062025454141,-0.8742264249991147,-0.6891417763855754,-0.04767312946227963,-0.3453828891267239,0.6289432567832843,-0.04767312946227963
1.2388189557611358,-2.3684166520105756,-2.109743666453839,-0.03468994238792224,-1.9588327809284232,-2.8146183140512395,-0.6891417763855754,-0.04767312946227963,-0.3453828891267239,0.6289432567832843,-0.04767312946227963
-0.5631534786934751,-0.4058304009208708,-0.5061087850967915,-0.8579058687575275,0.060080052215416874,0.5454936624271772,-0.6891417763855754,-0.04767312946227963,-0.3453828891267239,0.6289432567832843,-0.04767312946227963
-0.011385791671417043,0.02179240689213878,-0.3102255554906444,0.4442073950451808,-0.8438725171484749,-0.09248194117555918,-0.6891417763855754,-0.04767312946227963,-0.3453828891267239,0.6289432567832843,-0.04767312946227963
-0.5307849716017817,-0.059139684968480224,-0.046572482537389145,0.7892381115951326,-0.03353305506315185,0.2558211444675674,-0.6891417763855754,-0.04767312946227963,-0.3453828891267239,0.6289432567832843,-0.04767312946227963
-0.29454714083170175,1.185294055163003,0.9380835258831025,-0.3836841711680621,1.1473586845660864,-0.03076422867980895,1.4510802192907537,-0.04767312946227963,2.895337410977217,-1.5899685531481431,-0.04767312946227963
0.8600417443729139,-0.47431554511120555,0.338862467184175,-0.37742582363522215,-0.043753867635331616,0.7035265454932822,-0.6891417763855754,-0.04767312946227963,2.895337410977217,-1.5899685531481431,-0.04767312946227963
0.1482143215410854,-0.5319845468600776,0.1301096933024042,-1.0079276113139592,0.5546243590989306,-0.8866994103770486,1.4510802192907537,-0.04767312946227963,2.895337410977217,-1.5899685531481431,-0.04767312946227963
0.7851663842190699,-0.8961435233833323,-0.20713748005564356,0.6017135758158935,-0.12317207048493448,0.12304635490920292,-0.6891417763855754,-0.04767312946227963,2.895337410977217,-1.5899685531481431,-0.04767312946227963
0.1924469118319219,-0.024190446909437932,0.39884300017129887,0.0034895474651303287,0.8651155242702752,-0.29738568085673045,1.4510802192907537,-0.04767312946227963,2.895337410977217,-1.5899685531481431,-0.04767312946227963
0.06822939849085873,0.32032504224104585,0.7294279420720177,-0.35546101103279504,0.9852142311904093,0.23825819088018502,1.4510802192907537,-0.04767312946227963,2.895337410977217,-1.5899685531481431,-0.04767312946227963
-1.8104987081046793,-1.2791995649914345,-0.7376427225153297,-1.3772924024173947,-0.657308193096189,-0.8711382780846736,-0.6891417763855754,-0.04767312946227963,2.895337410977217,-1.5899685531481431,-0.04767312946227963
0.6824132364274034,0.6256518976611496,0.3114644233881233,-0.4568997278421173,0.6663804266166671,0.7662403988795107,1.4510802192907537,-0.04767312946227963,2.895337410977217,-1.5899685531481431,-0.04767312946227963
-0.10178254719132471,1.3619657401325669,1.3962758425592772,0.17987136860695943,1.3778510018916237,-1.1976097078383754,1.4510802192907537,-0.04767312946227963,2.895337410977217,-1.5899685531481431,-0.04767312946227963
-0.5192068972606481,0.46685552003275815,0.7124610782627506,-1.1178119963100372,1.1752233568587651,-0.2620252477215512,1.4510802192907537,-0.04767312946227963,2.895337410977217,-1.5899685531481431,-0.04767312946227963
-0.5915137951943789,0.11405143341053052,1.034443979921084,-0.8741805517369146,1.461655598919345,-2.0462214083491683,1.4510802192907537,-0.04767312946227963,2.895337410977217,-1.5899685531481431,-0.04767312946227963
-2.508302156013544,0.7987582243509334,1.5475242181803854,-0.6910351944528513,1.555635167950051,0.9136120441946495,1.4510802192907537,-0.04767312946227963,2.895337410977217,-1.5899685531481431,-0.04767312946227963
-2.225465031345748,1.334047885047932,0.6191892948391834,-0.48183867948219383,0.8960254332657609,-1.034694813146512,1.4510802192907537,-0.04767312946227963,2.895337410977217,-1.5899685531481431,-0.04767312946227963
0.03794564719657305,1.3286236908588986,1.4482333642256557,0.19363451027541326,1.2901639909733262,0.5564679687752486,1.4510802192907537,-0.04767312946227963,2.895337410977217,-1.5899685531481431,-0.04767312946227963
0.7183635047252844,-0.3140353623335972,-0.4382048677770427,-0.18772120420889662,-0.5435225283626052,0.14675994769044307,-0.6891417763855754,-0.04767312946227963,2.895337410977217,-1.5899685531481431,-0.04767312946227963
0.09123872955813038,-1.1347250425995545,-0.3856882033759785,-1.0098688145851018,-0.7292739968707912,-0.1282634709121578,-0.6891417763855754,-0.04767312946227963,2.895337410977217,-1.5899685531481431,-0.04767312946227963
-1.3096908239899616,1.5869604422371972,1.0166397255015875,0.009036810588503754,1.2310144623398955,0.0365306194228063,1.4510802192907537,-0.04767312946227963,2.895337410977217,-1.5899685531481431,-0.04767312946227963
0.09586781095123324,-0.7653094285789405,-0.5935649386690265,1.559286734245588,-0.6390965423058471,0.29775661191147296,-0.6891417763855754,-0.04767312946227963,2.895337410977217,-1.5899685531481431,-0.04767312946227963
1.0889678210224274,-0.3301313407240434,0.5570127183681256,0.6019796030555168,-0.510480808341684,-1.5042206539670844,-0.6891417763855754,-0.04767312946227963,2.895337410977217,-1.5899685531481431,-0.04767312946227963
-0.7266168998897266,0.12687901877606014,1.3385310345942827,-0.10409533582927334,1.5682368054869953,-1.3502287881635802,1.4510802192907537,-0.04767312946227963,2.895337410977217,-1.5899685531481431,-0.04767312946227963
0.32372263860062533,-1.2296670950229698,-0.5935649386690265,0.9085712012172513,-0.9313794490537817,-0.7618214821271581,-0.6891417763855754,-0.04767312946227963,2.895337410977217,-1.5899685531481431,-0.04767312946227963
0.38014207162785346,-0.5856839733990039,0.4829887972480615,0.018927194760956542,-0.010807165965921748,0.3768678075449623,-0.6891417763855754,-0.04767312946227963,2.895337410977217,-1.5899685531481431,-0.04767312946227963
-0.9806275422821865,1.4765558057291819,0.8964832633713077,-0.6340713349599479,0.8932665835717997,1.2143589643590953,1.4510802192907537,-0.04767312946227963,2.895337410977217,-1.5899685531481431,-0.04767312946227963
0.10493703649106612,-0.8446421216376127,-0.6760413558653453,0.4979656244103811,-1.400206507745185,0.25506548846381694,-0.6891417763855754,-0.04767312946227963,2.895337410977217,-1.5899685531481431,-0.04767312946227963
-1.1353067710629225,-0.05851006473000699,0.2747493705837836,-0.3181922850365486,-0.0364355023920734,0.6038287473343472,-0.6891417763855754,-0.04767312946227963,2.895337410977217,-1.5899685531481431,-0.04767312946227963
0.4530892251578464,-0.18432734225009745,-0.22910868091297573,0.30875932557828595,-0.12654529791251498,-2.160898579695002,-0.6891417763855754,-0.04767312946227963,2.895337410977217,-1.5899685531481431,-0.04767312946227963
0.32195602797735173,1.5869604422371972,1.2612728754930944,-0.20265755635103705,1.5682368054869953,0.5979362712814241,1.4510802192907537,-0.04767312946227963,2.895337410977217,-1.5899685531481431,-0.04767312946227963
-0.8551111039080067,0.11615732887628573,-0.6432294515339149,-0.8387980608315966,-0.6889506544030582,0.06386389957189854,-0.6891417763855754,-0.04767312946227963,2.895337410977217,-1.5899685531481431,-0.04767312946227963
0.2778404917244707,-0.5319845468600776,0.11811883331163724,0.5084813675789351,-0.8005665015768918,0.2948843037017348,-0.6891417763855754,-0.04767312946227963,2.895337410977217,-1.5899685531481431,-0.04767312946227963
0.6581893000127853,-1.4824133502358041,-0.29494152942305735,0.7602250660272665,0.3115185142392655,-0.969388485003673,-0.6891417763855754,-0.04767312946227963,2.895337410977217,-1.5899685531481431,-0.04767312946227963
0.5388271723168624,-1.2099223877777736,0.8702793629346542,-0.37209972355817594,0.3909507327940604,-0.2364926165484841,-0.6891417763855754,-0.04767312946227963,2.895337410977217,-1.5899685531481431,-0.04767312946227963
0.9979925595467257,0.08706454308213285,-0.5710130330548435,0.3983393242600129,-1.0905267921111381,0.2796334258596439,-0.6891417763855754,-0.04767312946227963,2.895337410977217,-1.5899685531481431,-0.04767312946227963
1.1572895154839171,1.5869604422371972,1.0206788919744503,1.559286734245588,0.2250819996943086,1.4099490715612284,-0.6891417763855754,-0.04767312946227963,2.895337410977217,-1.5899685531481431,-0.04767312946227963
-0.2258606831789043,-0.6913615716279604,-1.0765974901807704,0.714081088394993,-0.4853022259427774,0.06386389957189854,-0.6891417763855754,-0.04767312946227963,2.895337410977217,-1.5899685531481431,-0.04767312946227963
-1.6730515366642718,-1.2573529464101472,-0.9362630557057584,-1.0137652258317402,-1.3656360142612896,-0.31105872950121377,-0.6891417763855754,-0.04767312946227963,2.895337410977217,-1.5899685531481431,-0.04767312946227963
0.7024802711352962,-0.3840337673571653,-0.2743961615262741,1.3689557211359913,-0.8495131530929595,0.5517830848944444,-0.6891417763855754,-0.04767312946227963,2.895337410977217,-1.5899685531481431,-0.04767312946227963
-0.12436515411835862,-0.7692240658723253,0.0064923491534021145,1.0238670419293905,-0.342102170669374,-0.03292718041825103,-0.6891417763855754,-0.04767312946227963,2.895337410977217,-1.5899685531481431,-0.04767312946227963
0.32414595351949677,-0.5905677138003012,0.10761247729245586,0.7305887432271345,-0.9346377839602986,0.24287706898442035,-0.6891417763855754,-0.04767312946227963,2.895337410977217,-1.5899685531481431,-0.04767312946227963
0.41847111331073683,1.4699804921943178,1.5475242181803854,-0.12992866163946337,1.4335130787640509,0.28693195656903,1.4510802192907537,-0.04767312946227963,2.895337410977217,-1.5899685531481431,-0.04767312946227963
0.8932491220616573,-0.019039656788148014,-1.066254167205004,0.3413240027028852,-0.9478516471943824,0.9750156792212892,-0.6891417763855754,-0.04767312946227963,2.895337410977217,-1.5899685531481431,-0.04767312946227963
0.23184279619951914,0.40595910277757097,1.5475242181803854,-1.9421190004157411,1.5682368054869953,0.3650923169882799,1.4510802192907537,-0.04767312946227963,2.895337410977217,-1.5899685531481431,-0.04767312946227963
0.6979798435261751,-1.226522724796257,-0.47119849831009203,1.559286734245588,-0.5766993786070213,1.2093188651504967,1.4510802192907537,-0.04767312946227963,2.895337410977217,-1.5899685531481431,-0.04767312946227963
1.0267589856024972,0.71114635465928,0.8034645188394296,-0.04822230433043261,0.9261430941241208,0.8180597015394929,1.4510802192907537,-0.04767312946227963,2.895337410977217,-1.5899685531481431,-0.04767312946227963
0.5696566958543567,-0.7530160609830204,-1.1446841709693099,-0.6488745223613163,-1.0656105629308454,0.008232032590485848,-0.6891417763855754,-0.04767312946227963,2.895337410977217,-1.5899685531481431,-0.04767312946227963
0.29246728365143,-0.864627951240317,-0.5170918141975024,1.4014368279878384,-0.40604155853127083,0.09584782354849476,-0.6891417763855754,-0.04767312946227963,2.895337410977217,-1.5899685531481431,-0.04767312946227963
-5.064301806599335,-2.220984056786486,0.4034944670798654,1.559286734245588,-2.3916660090143838,-0.26926443997255206,-0.6891417763855754,-0.04767312946227963,2.895337410977217,-1.5899685531481431,-0.04767312946227963
-0.5867494148976333,-0.9866398528076807,0.1473749819472594,1.5307915090015198,-0.2511490371170152,0.7406689675630138,-0.6891417763855754,-0.04767312946227963,2.895337410977217,-1.5899685531481431,-0.04767312946227963
-1.915916406797772,0.19903332084830028,0.701456962723917,-1.0662008015073865,1.2670206319869997,0.46182025447100183,1.4510802192907537,-0.04767312946227963,-0.3453828891267239,0.6289432567832843,-0.04767312946227963
-0.6699024277612778,0.5478915865205526,0.8413307008346809,-0.5149229456966775,1.062230760664943,0.8251432971004943,1.4510802192907537,-0.04767312946227963,-0.3453828891267239,0.6289432567832843,-0.04767312946227963
-2.1923114145040263,0.5470479401825926,0.24520957284988357,-1.1518219644849417,0.9926758429957834,0.4363023304954658,-0.6891417763855754,-0.04767312946227963,-0.3453828891267239,0.6289432567832843,-0.04767312946227963
-0.8889985696634117,0.731883358219719,1.5475242181803854,0.004045985508434387,1.5682368054869953,-2.412255320197909,1.4510802192907537,-0.04767312946227963,-0.3453828891267239,0.6289432567832843,-0.04767312946227963
-0.4826382019901587,-0.9998103657118009,-0.8824959640047925,0.3508073473757759,-0.8299994359413811,-0.5670254911503423,-0.6891417763855754,-0.04767312946227963,-0.3453828891267239,0.6289432567832843,-0.04767312946227963
-1.1260294833766968,-0.22492260704668413,0.5631749749665942,-1.0375454739683414,0.8858468030295686,-0.7458467378861957,-0.6891417763855754,-0.04767312946227963,-0.3453828891267239,0.6289432567832843,-0.04767312946227963
-0.5472776596005045,0.7283877283682497,1.1430842674455985,0.5021883089520908,1.209137522843586,0.29632174468373057,1.4510802192907537,-0.04767312946227963,-0.3453828891267239,0.6289432567832843,-0.04767312946227963
1.0343159492117582,0.7621146840978286,0.926213415931084,0.5363548615213634,0.9960487044822361,0.22659316493382956,1.4510802192907537,-0.04767312946227963,-0.3453828891267239,0.6289432567832843,-0.04767312946227963
-0.40039418804763516,-0.31158254282993675,-0.7522095056686149,-0.0625881512765441,0.18225208999118025,-0.1173602669031709,-0.6891417763855754,-0.04767312946227963,-0.3453828891267239,0.6289432567832843,-0.04767312946227963
-0.016102724022739618,1.4541752349982857,1.4018263461671572,0.2631986729831202,1.5682368054869953,-0.4386874276841308,1.4510802192907537,-0.04767312946227963,-0.3453828891267239,0.6289432567832843,-0.04767312946227963
-0.38191436352635777,-1.062274217962665,-0.7665418345783874,0.17402943828468692,-0.9647905414072183,0.20515843036453613,-0.6891417763855754,-0.04767312946227963,-0.3453828891267239,0.6289432567832843,-0.04767312946227963
-1.1191524036437448,1.087856708812023,1.4789644634409334,0.14883675787293627,1.5682368054869953,1.1248091692173474,1.4510802192907537,-0.04767312946227963,-0.3453828891267239,0.6289432567832843,-0.04767312946227963
-1.5938372405908674,-1.056107513731996,-1.0125461173288373,-0.45102686172135414,-1.3523487346499494,-1.097579857432939,-0.6891417763855754,-0.04767312946227963,-0.3453828891267239,0.6289432567832843,-0.04767312946227963
-2.727151152299643,0.6289159195777295,1.432259322082773,-1.4956247309453397,1.3730501951521386,0.2934442797156866,1.4510802192907537,-0.04767312946227963,-0.3453828891267239,0.6289432567832843,-0.04767312946227963
0.5730588784814329,0.7899890026998091,-0.5398195611855461,1.2018009267972694,0.2530672239026596,0.8903431062390504,-0.6891417763855754,-0.04767312946227963,-0.3453828891267239,0.6289432567832843,-0.04767312946227963
-2.3945814721469905,-1.4635363762503228,-0.7595792778822816,-1.4375886437689283,-0.928138774585766,-1.4390324440546316,-0.6891417763855754,-0.04767312946227963,-0.3453828891267239,0.6289432567832843,-0.04767312946227963
0.9044496704845201,-3.101607053924556,-2.824580460596517,0.6309787222989307,-2.672682577495816,-0.2721785273022113,-0.6891417763855754,-0.04767312946227963,-0.3453828891267239,0.6289432567832843,-0.04767312946227963
-3.5096323711273376,-0.9179901419646195,1.4780454376620626,-1.906092981504127,1.222306343042904,-1.5532281656217322,1.4510802192907537,-0.04767312946227963,-0.3453828891267239,0.6289432567832843,-0.04767312946227963
-1.4408763771534563,1.5869604422371972,-0.9385021174962316,1.166530133340517,-0.2909880907395229,1.3392928352347528,-0.6891417763855754,-0.04767312946227963,-0.3453828891267239,0.6289432567832843,-0.04767312946227963
-1.408049380663271,0.5670960873165451,-0.7157699420811289,-1.1729347873560247,-0.7902129445877466,0.006171946282208686,-0.6891417763855754,-0.04767312946227963,-0.3453828891267239,0.6289432567832843,-0.04767312946227963
0.8086054373215711,-0.12898064669844547,-0.7623580545444536,0.47402777890359904,-0.37194135907830717,-0.3407136993369951,-0.6891417763855754,-0.04767312946227963,-0.3453828891267239,0.6289432567832843,-0.04767312946227963
-0.17753897199701504,-1.6386430772434286,-1.5458568722135602,-0.14851477952027373,-1.0149435302792742,-0.5139890891115227,-0.6891417763855754,-0.04767312946227963,-0.3453828891267239,0.6289432567832843,-0.04767312946227963
-0.7318042874069418,-0.6968077125622679,-0.5751764001885156,-0.769460648347632,-0.9445207027819619,-0.0627132306893355,-0.6891417763855754,-0.04767312946227963,-0.3453828891267239,0.6289432567832843,-0.04767312946227963
-0.19332322117683973,-1.1568746616196335,-0.023429095423655184,-1.638447953083842,0.25396295886513737,-0.7173619800383795,-0.6891417763855754,-0.04767312946227963,-0.3453828891267239,0.6289432567832843,-0.04767312946227963
-0.587277170151463,-1.285850448043214,-1.0180237437356745,-0.22080547042338106,-0.3159990860135478,-0.3983913281956401,-0.6891417763855754,-0.04767312946227963,-0.3453828891267239,0.6289432567832843,-0.04767312946227963
-0.1836917161504925,0.6075805188518288,0.5278968575074767,0.08999168011889642,0.9821768379239405,1.116595151037425,1.4510802192907537,-0.04767312946227963,-0.3453828891267239,0.6289432567832843,-0.04767312946227963
0.30780250410653764,-0.3805210856157443,-0.9362630557057584,-0.17098149768339896,-0.8164409643495497,-0.4351018595879286,-0.6891417763855754,-0.04767312946227963,-0.3453828891267239,0.6289432567832843,-0.04767312946227963
-0.3905959005797525,-1.2627687465690518,-1.99311460615048,0.004602041776035955,-0.7409750156185451,-0.6491188004034737,-0.6891417763855754,-0.04767312946227963,-0.3453828891267239,0.6289432567832843,-0.04767312946227963
0.8936820992814655,-0.9801209105973556,-0.5931781156879398,0.2795962375686471,-1.284120048975092,-0.2577129155257648,-0.6891417763855754,-0.04767312946227963,-0.3453828891267239,0.6289432567832843,-0.04767312946227963
0.009950976840606916,-2.2094109008860925,-1.7644032773905602,-0.23114866249057345,-1.8146412695493204,-0.7645151758654278,-0.6891417763855754,-0.04767312946227963,-0.3453828891267239,0.6289432567832843,-0.04767312946227963
1.2388189557611358,0.17927531474507405,0.07912684887134143,-0.04881582466324644,-0.30564054631275384,0.8532261393487107,1.4510802192907537,-0.04767312946227963,-0.3453828891267239,0.6289432567832843,-0.04767312946227963
0.8210471865557006,-0.5371199714503129,-0.7939646354717167,1.400841491052472,-0.11814764616436457,0.02048256107880018,-0.6891417763855754,-0.04767312946227963,-0.3453828891267239,0.6289432567832843,-0.04767312946227963
-0.3141738321209361,0.14338247913447885,-0.9492118331538554,-0.40736198041209964,-0.47008758882418644,1.4099490715612284,-0.6891417763855754,-0.04767312946227963,-0.3453828891267239,0.6289432567832843,-0.04767312946227963
0.6222687375157966,0.6278291295101326,0.45217698829529274,0.030315466146774127,0.46985459576124367,1.1186565621615083,1.4510802192907537,-0.04767312946227963,-0.3453828891267239,0.6289432567832843,-0.04767312946227963
0.02392677053756911,-0.3635762047807264,-0.9340293665942101,0.023827490377937126,-0.6156463612052939,-0.09248194117555918,-0.6891417763855754,-0.04767312946227963,-0.3453828891267239,0.6289432567832843,-0.04767312946227963
-0.032456580342407185,-0.7930488186045046,-1.2702869171234386,-0.7176972033395719,-0.3618285941012719,-1.9113220097855157,-0.6891417763855754,-0.04767312946227963,-0.3453828891267239,0.6289432567832843,-0.04767312946227963
-0.46185591931205694,0.9403698220523175,1.0179423882309186,1.1012837594968223,1.0018417595765021,0.4933180725385903,1.4510802192907537,-0.04767312946227963,-0.3453828891267239,0.6289432567832843,-0.04767312946227963
1.2388189557611358,-0.037958108221694126,-0.5039979236694279,-0.2731108425517578,-1.3141717495510485,0.3826912955807574,-0.6891417763855754,-0.04767312946227963,-0.3453828891267239,0.6289432567832843,-0.04767312946227963
-0.4425365620186562,0.0042496701430177275,-0.8118902016726849,-1.3240318716890829,-1.517820178011329,0.29560334648896025,-0.6891417763855754,-0.04767312946227963,-0.3453828891267239,0.6289432567832843,-0.04767312946227963
-0.2856209610639716,0.44122269404000847,0.7683921644048359,-1.9482821630311853,-0.04228301086496133,-1.1658230370678446,1.4510802192907537,-0.04767312946227963,-0.3453828891267239,0.6289432567832843,-0.04767312946227963
1.056087657930296,-1.2099223877777736,-0.6995877581478908,0.7982653866555875,-0.22366610504159506,-0.8379316274371363,-0.6891417763855754,-0.04767312946227963,-0.3453828891267239,0.6289432567832843,-0.04767312946227963
0.7357963514882051,0.3269100432835172,-0.9629184291107857,1.559286734245588,-0.7553253758773337,-0.2958807543438454,-0.6891417763855754,-0.04767312946227963,-0.3453828891267239,0.6289432567832843,-0.04767312946227963
1.1930117130680815,0.7954953710018204,0.5780198916913063,0.454801689411105,0.40223225570521887,1.0599411987089375,-0.6891417763855754,-0.04767312946227963,-0.3453828891267239,0.6289432567832843,-0.04767312946227963
-0.8370635476258029,-0.8524447682366227,-0.2577945641090821,0.8239505119014634,-0.47008758882418644,-0.6059137579278383,-0.6891417763855754,-0.04767312946227963,-0.3453828891267239,0.6289432567832843,-0.04767312946227963
0.38442125809845457,1.5869604422371972,1.1346005181871652,0.7452080874793934,-0.6739755573868057,1.4099490715612284,-0.6891417763855754,-0.04767312946227963,-0.3453828891267239,0.6289432567832843,-0.04767312946227963
0.4433656636362475,-1.2328216687404445,-0.9646460315068978,0.46840178808604904,-0.9028269324825964,0.2618408770559884,-0.6891417763855754,-0.04767312946227963,-0.3453828891267239,0.6289432567832843,-0.04767312946227963
-1.121437162439302,0.09596470492112098,-0.43330629749790534,0.23858791621450345,-0.540134967030903,0.18230713900821321,-0.6891417763855754,-0.04767312946227963,-0.3453828891267239,0.6289432567832843,-0.04767312946227963
0.8484209862259615,-0.5223013534731411,-0.9885836747972945,0.24481102315288827,-0.7927845742538068,0.1773244920800002,-0.6891417763855754,-0.04767312946227963,-0.3453828891267239,0.6289432567832843,-0.04767312946227963
0.32379320910970855,-1.3140629217293163,-1.2623169241699237,0.11850051074128198,-0.8785432710460583,-0.5120176904971575,-0.6891417763855754,-0.04767312946227963,-0.3453828891267239,0.6289432567832843,-0.04767312946227963
0.2949733491987257,-0.7408762130016787,-1.0824665151666442,0.5947660385674132,-0.8031831489725693,-0.09481830764853046,-0.6891417763855754,-0.04767312946227963,-0.3453828891267239,0.6289432567832843,-0.04767312946227963
-0.4158720245215934,-0.992380008919835,-1.146084005053531,1.0810668610560037,-0.6156463612052939,0.20917132374036063,-0.6891417763855754,-0.04767312946227963,-0.3453828891267239,0.6289432567832843,-0.04767312946227963
-0.5788811066528625,-0.1672843880389345,-0.6298584476844742,-0.3792089970239655,-1.320367690755389,0.6917766338949223,-0.6891417763855754,-0.04767312946227963,-0.3453828891267239,0.6289432567832843,-0.04767312946227963
-1.7042689518851444,0.23575773406181433,-0.2181875057598531,-0.637746860435347,-1.1721857108889024,-0.13070668357476115,-0.6891417763855754,-0.04767312946227963,-0.3453828891267239,0.6289432567832843,-0.04767312946227963
0.9326607201575514,0.6986617747130976,-0.15764084572399945,1.4448849857731518,-0.48839217067846086,0.04933710059514109,-0.6891417763855754,-0.04767312946227963,-0.3453828891267239,0.6289432567832843,-0.04767312946227963
0.48605446236875605,-1.2947896707028625,-0.32663566065720323,-0.028876058214403234,-1.0535313041099827,-0.4262075048816085,-0.6891417763855754,-0.04767312946227963,-0.3453828891267239,0.6289432567832843,-0.04767312946227963
0.31075719438055294,-0.8872452130704812,-1.1927639091156421,0.5680304288480106,-0.02206214254774043,-0.7808702972573317,-0.6891417763855754,-0.04767312946227963,-0.3453828891267239,0.6289432567832843,-0.04767312946227963
-0.21024086167697922,1.2600845297258845,0.6696361136401258,0.48731164216475237,0.8087569700805955,0.8453023853915446,1.4510802192907537,-0.04767312946227963,-0.3453828891267239,0.6289432567832843,-0.04767312946227963
0.4374052631259907,-0.6581432803775902,-1.0785497233127586,1.25721707814878,-1.5535264861415858,-0.02860709916035505,-0.6891417763855754,-0.04767312946227963,-0.3453828891267239,0.6289432567832843,-0.04767312946227963
0.4318155378775393,-1.1233660006358077,-1.9131321720354855,1.064401940950244,-1.4679660659141183,-0.9090054704416778,-0.6891417763855754,-0.04767312946227963,-0.3453828891267239,0.6289432567832843,-0.04767312946227963
0.3114759368642796,-1.6878340231798694,-1.4724227522085092,0.08093625654571912,-0.3706678698308878,-0.575505709254056,-0.6891417763855754,-0.04767312946227963,-0.3453828891267239,0.6289432567832843,-0.04767312946227963
-0.2208734877472067,-1.2498211596483446,-1.2113600027583644,0.7319493232527304,-1.0377961071565363,0.2203016850615684,-0.6891417763855754,-0.04767312946227963,-0.3453828891267239,0.6289432567832843,-0.04767312946227963
1.0289229384842429,-0.1533066689554533,-0.707425040563782,1.559286734245588,-1.3393503319499547,0.7239991385675217,-0.6891417763855754,-0.04767312946227963,-0.3453828891267239,0.6289432567832843,-0.04767312946227963
1.0127727823885786,0.360614605826306,0.10432762565207207,-1.5244438376255058,-2.6156963373832824,-0.6538052063474932,-0.6891417763855754,-0.04767312946227963,-0.3453828891267239,0.6289432567832843,-0.04767312946227963
0.9880592440436496,1.1767645842649455,0.010747156713599845,-1.9670579520558176,-0.19264959663810047,-0.7863970304221052,-0.6891417763855754,-0.04767312946227963,-0.3453828891267239,0.6289432567832843,-0.04767312946227963
0.7474714527248444,0.3315563566065129,-0.25941444182165285,0.885844169238081,0.027649932970675133,-0.05934846801649947,-0.6891417763855754,-0.04767312946227963,-0.3453828891267239,0.6289432567832843,-0.04767312946227963
0.08098430993227763,-1.1102793889738225,-1.2662933910904997,0.2886516611418244,-0.23067090621456887,-0.5691371475305572,-0.6891417763855754,-0.04767312946227963,-0.3453828891267239,0.6289432567832843,-0.04767312946227963
0.9733408210612631,0.41179659198077845,0.09236821283740441,1.5493484602944172,0.1339316250629497,0.17649103060851315,-0.6891417763855754,-0.04767312946227963,-0.3453828891267239,0.6289432567832843,-0.04767312946227963
0.12733682143468772,1.326884564417777,1.3144810422354558,0.549230803669684,1.3153336034107515,-0.26491308195512536,1.4510802192907537,-0.04767312946227963,-0.3453828891267239,0.6289432567832843,-0.04767312946227963
0.2065552756244176,0.1633749982797314,0.31831727069731564,0.10338788558411714,0.6814562725166944,-0.6444596411595874,1.4510802192907537,-0.04767312946227963,-0.3453828891267239,0.6289432567832843,-0.04767312946227963
0.2432759005767294,0.09971605207871025,0.27261570022132886,0.39147104605036687,0.5311633512280921,1.4099490715612284,-0.6891417763855754,-0.04767312946227963,-0.3453828891267239,0.6289432567832843,-0.04767312946227963
0.05533856431093735,-0.43505597029667165,0.002421990719900513,-0.034106673576683365,0.4521282754207987,0.7197769310522489,-0.6891417763855754,-0.04767312946227963,-0.3453828891267239,0.6289432567832843,-0.04767312946227963
-0.7301790390313769,0.002773384947812374,-0.30453550421343273,0.046839557996904674,-0.7825637616816264,1.3894719452451563,-0.6891417763855754,-0.04767312946227963,-0.3453828891267239,0.6289432567832843,-0.04767312946227963
-2.8554014174982485,0.09192927524002198,0.9329183504061216,-2.1752715051373475,0.7318180909659501,-2.007122281648708,-0.6891417763855754,-0.04767312946227963,-0.3453828891267239,0.6289432567832843,-0.04767312946227963
-0.1421466481073171,0.3820521633393984,0.3505825806968291,1.559286734245588,0.026341610838951503,0.9218788096070384,-0.6891417763855754,-0.04767312946227963,-0.3453828891267239,0.6289432567832843,-0.04767312946227963
-0.017489406649381728,-0.4854812474496006,-0.26673897800620966,1.1067240157791756,0.15700297361320792,-0.7808702972573317,-0.6891417763855754,-0.04767312946227963,-0.3453828891267239,0.6289432567832843,-0.04767312946227963
0.1709489044798577,0.5944865369961577,0.5870975442780382,0.12523427511427596,0.8367563869985444,0.712120441607343,1.4510802192907537,-0.04767312946227963,-0.3453828891267239,0.6289432567832843,-0.04767312946227963
-0.22978214582358925,1.1709179456705303,0.8135885780649595,-0.4336593690235249,1.2206204835692445,0.20354762955566283,1.4510802192907537,-0.04767312946227963,-0.3453828891267239,0.6289432567832843,-0.04767312946227963
-0.13087743231491944,0.5023144767131511,0.8260486552935118,-1.1178119963100372,0.8273966786729139,0.2580838465805073,-0.6891417763855754,-0.04767312946227963,-0.3453828891267239,0.6289432567832843,-0.04767312946227963
-1.53725517967562,0.9249297951022568,1.3114368784308008,-1.9299315229571774,1.2216857898210058,0.006171946282208686,1.4510802192907537,-0.04767312946227963,-0.3453828891267239,0.6289432567832843,-0.04767312946227963
0.25530248199067196,0.1387691287797312,-0.6667870687169727,-0.670319639111089,0.35463635704688484,0.5449673089549879,-0.6891417763855754,-0.04767312946227963,-0.3453828891267239,0.6289432567832843,-0.04767312946227963
-0.21932234667269707,0.46023358144564186,0.9930153477019583,-3.2588646933871965,1.2285643954960863,0.4745683243941702,-0.6891417763855754,-0.04767312946227963,-0.3453828891267239,0.6289432567832843,-0.04767312946227963
0.7077614194744762,0.37964886517045715,0.6400880100159957,-0.2754633898588964,0.8152684134198588,0.6727007015268921,1.4510802192907537,-0.04767312946227963,-0.3453828891267239,0.6289432567832843,-0.04767312946227963
1.0091465141617646,-0.8432301626178346,-0.08095241008325382,-0.45102686172135414,0.04946426359626839,0.36706695404306805,-0.6891417763855754,-0.04767312946227963,-0.3453828891267239,0.6289432567832843,-0.04767312946227963
0.7277839016508229,0.11352424597124496,0.021399792232757127,-0.25376739503023027,0.4335289751121525,-0.11375858384004522,1.4510802192907537,-0.04767312946227963,-0.3453828891267239,0.6289432567832843,-0.04767312946227963
0.7043942739913088,-0.12492867717440233,0.9202211141426385,-0.4092123281981298,0.7788238302949574,-0.9025687038470716,1.4510802192907537,-0.04767312946227963,-0.3453828891267239,0.6289432567832843,-0.04767312946227963
0.41970053808984054,-0.3002171769688154,-0.5235290318701133,1.559286734245588,-1.2444341977455167,0.717232887224863,-0.6891417763855754,-0.04767312946227963,-0.3453828891267239,0.6289432567832843,-0.04767312946227963
0.5270463685090336,1.0179480709628315,1.0666597348961362,0.626862131971509,1.0525408195990866,0.7206231540797716,-0.6891417763855754,-0.04767312946227963,-0.3453828891267239,0.6289432567832843,-0.04767312946227963
1.1203310814494551,1.5813262161722477,0.16415445335956266,1.559286734245588,-0.410104335039902,0.33006875761714316,-0.6891417763855754,-0.04767312946227963,-0.3453828891267239,0.6289432567832843,-0.04767312946227963
-0.48173134996748584,0.5821911235198362,0.07063585515249447,0.3376468095604795,-0.015705169752002254,-0.7097659693024263,-0.6891417763855754,-0.04767312946227963,-0.3453828891267239,0.6289432567832843,-0.04767312946227963
0.2352204486852402,-0.6103517827608242,-0.223372088866954,-2.761972960471006,-1.393130650303112,0.9433019674038571,-0.6891417763855754,-0.04767312946227963,-0.3453828891267239,0.6289432567832843,-0.04767312946227963
-0.4704950507233945,0.24731438007820122,1.1978616931082526,-0.748075450418284,-0.7675528567315035,0.7956554871869176,-0.6891417763855754,-0.04767312946227963,-0.3453828891267239,0.6289432567832843,-0.04767312946227963
0.22925821225702678,0.5035509509962323,0.11685709888783666,1.559286734245588,0.2724699079515108,0.5327647679543179,-0.6891417763855754,-0.04767312946227963,-0.3453828891267239,0.6289432567832843,-0.04767312946227963
0.8549592264455147,-1.0081334783191809,0.0405859129181115,-1.362143326240243,0.25082199792358867,-0.5339744922722757,-0.6891417763855754,-0.04767312946227963,-0.3453828891267239,0.6289432567832843,-0.04767312946227963
-0.7785890006918673,-0.01843547180026104,-1.0371417222058597,0.04999921883420502,-0.5350893423566166,0.5061314022051943,-0.6891417763855754,-0.04767312946227963,-0.3453828891267239,0.6289432567832843,-0.04767312946227963
0.6941931949946277,0.17383886450355335,0.5242943844754193,-0.6028962615676752,0.5971911984938222,0.06769364704042491,-0.6891417763855754,-0.04767312946227963,-0.3453828891267239,0.6289432567832843,-0.04767312946227963
1.0905505181995343,1.26493631295047,1.1717474309568519,1.559286734245588,-0.9346377839602986,0.8420381318655612,-0.6891417763855754,-0.04767312946227963,-0.3453828891267239,0.6289432567832843,-0.04767312946227963
1.2388189557611358,-0.8058624197742978,-1.6602200653876167,0.9199696421725875,-1.332955586761862,0.892052156007301,-0.6891417763855754,-0.04767312946227963,-0.3453828891267239,0.6289432567832843,-0.04767312946227963
0.5968439060384438,1.508844124732904,1.5475242181803854,-0.9700491299312913,1.5682368054869953,0.709123049959971,1.4510802192907537,-0.04767312946227963,-0.3453828891267239,0.6289432567832843,-0.04767312946227963
0.3585404592905637,-0.48988558547811806,-0.6630275817066121,-0.2699846979689027,-0.982223349914194,0.8127998496250386,-0.6891417763855754,-0.04767312946227963,-0.3453828891267239,0.6289432567832843,-0.04767312946227963
-0.5433031581773905,-0.6396588995735585,-0.5538015634276517,-2.5038815041093234,-0.360576440815088,-2.145633868020987,-0.6891417763855754,-0.04767312946227963,-0.3453828891267239,0.6289432567832843,-0.04767312946227963
